AnimalID,UFID_Corrected,YEAR,hcw,Marbling,WBSF,CG,Ranch,LOT,RanchLOT
429,429,2016,856,360,5.79,0,Ranch3,_7235,Ranch3_7235
435,435,2016,632,480,4.48,0,Ranch3,_7235,Ranch3_7235
455,455,2016,899,400,6.32,0,Ranch3,_7235,Ranch3_7235
733,733,2016,732,430,5.99,0,Ranch15,_7255,Ranch15_7255
739,739,2016,620,340,6.11,0,Ranch15,_7255,Ranch15_7255
748,748,2016,686,330,5.97,0,Ranch15,_7255,Ranch15_7255
758,758,2016,871,330,4.73,0,Ranch15,_7255,Ranch15_7255
828,828,2016,822,380,5.16,0,Ranch15,_7255,Ranch15_7255
834,834,2016,749,380,4.39,0,Ranch15,_7255,Ranch15_7255
1409,1409,2016,739,300,6.17,0,Ranch7,_7235,Ranch7_7235
1441,1441,2016,821,310,4.48,0,Ranch6,_7365,Ranch6_7365
1450,1450,2016,823,380,6.83,10,Ranch16,_7145,Ranch16_7145
1462,1462,2016,797,460,5.41,0,Ranch6,_7365,Ranch6_7365
1467,1467,2016,789,380,5.39,0,Ranch16,_7365,Ranch16_7365
1472,1472,2016,775,380,5.8,0,Ranch6,_7365,Ranch6_7365
1490,1490,2016,745,390,6.06,10,Ranch16,_7145,Ranch16_7145
1492,1492,2016,669,390,6.67,10,Ranch16,_7145,Ranch16_7145
1495,1495,2016,771,420,4.72,10,Ranch16,_7145,Ranch16_7145
1528,1528,2016,674,420,6.77,10,Ranch16,_7145,Ranch16_7145
1529,1529,2016,810,320,4.62,10,Ranch16,_7145,Ranch16_7145
1535,1535,2016,853,320,6.96,10,Ranch16,_7145,Ranch16_7145
1538,1538,2016,886,400,6.41,10,Ranch16,_7145,Ranch16_7145
1547,1547,2016,795,360,5.37,10,Ranch16,_7145,Ranch16_7145
1548,1548,2016,793,520,6.34,10,Ranch16,_7145,Ranch16_7145
1557,1557,2016,852,620,5.28,10,Ranch16,_7145,Ranch16_7145
1558,1558,2016,757,430,4.8,10,Ranch16,_7145,Ranch16_7145
1560,1560,2016,871,460,4.94,0,STOFI-Parker,_7365,STOFI-Parker_7365
1597,1597,2016,868,430,5.73,0,Ranch12,_7365,Ranch12_7365
1653,1653,2016,732,340,6.68,21,Ranch4,_7375,Ranch4_7375
1663,1663,2016,788,410,7.07,0,Ranch10,_7375,Ranch10_7375
1668,1668,2016,817,330,6.25,0,Ranch4,_7205,Ranch4_7205
1675,1675,2016,757,330,4.74,21,Ranch4,_7375,Ranch4_7375
1682,1682,2016,852,280,4.01,21,Ranch4,_7375,Ranch4_7375
1689,1689,2016,804,370,4.42,21,Ranch4,_7375,Ranch4_7375
1695,1695,2016,863,310,8.18,21,Ranch4,_7375,Ranch4_7375
1698,1698,2016,884,410,5.81,21,Ranch4,_7375,Ranch4_7375
1704,1704,2016,897,370,6.6,0,Ranch10,_7375,Ranch10_7375
1707,1707,2016,758,320,5.33,21,Ranch4,_7375,Ranch4_7375
1711,1711,2016,767,320,6.69,0,Ranch10,_7375,Ranch10_7375
2447,2447,2016,695,340,6.73,0,Ranch16,_7445,Ranch16_7445
2457,2457,2016,837,370,5.72,0,Ranch16,_7445,Ranch16_7445
2466,2466,2016,841,300,6.11,0,Ranch16,_7445,Ranch16_7445
2473,2473,2016,873,400,7.04,0,Ranch6,_7445,Ranch6_7445
2485,2485,2016,785,330,6.42,0,Ranch16,_7445,Ranch16_7445
2494,2494,2016,784,340,6.75,0,Ranch16,_7445,Ranch16_7445
2570,2570,2016,862,380,5.33,0,Ranch9,_7485,Ranch9_7485
2595,2595,2016,836,300,6.17,0,Ranch9,_7485,Ranch9_7485
2610,2610,2016,988,330,5.45,0,Ranch9,_7485,Ranch9_7485
2618,2618,2016,905,380,5.66,0,Ranch9,_7485,Ranch9_7485
2684,2684,2016,773,320,,0,Ranch18,_7495,Ranch18_7495
2696,2696,2016,872,360,6.02,0,Ranch18,_7495,Ranch18_7495
2754,2754,2016,857,420,6.24,32,STOFI-Miccos,_7495,STOFI-Miccos_7495
2760,2760,2016,827,620,4.5,32,STOFI-Miccos,_7495,STOFI-Miccos_7495
2761,2761,2016,760,420,6.13,32,STOFI-Miccos,_7495,STOFI-Miccos_7495
2770,2770,2016,738,480,4.47,32,STOFI-Miccos,_7495,STOFI-Miccos_7495
2780,2780,2016,788,540,6.32,32,STOFI-Miccos,_7495,STOFI-Miccos_7495
2781,2781,2016,711,430,5.36,32,STOFI-Miccos,_7495,STOFI-Miccos_7495
2786,2786,2016,812,390,4.54,32,STOFI-Miccos,_7495,STOFI-Miccos_7495
2790,2790,2016,846,380,4.11,32,STOFI-Miccos,_7495,STOFI-Miccos_7495
2793,2793,2016,762,440,6.45,32,STOFI-Miccos,_7495,STOFI-Miccos_7495
2794,2794,2016,795,330,6.44,32,STOFI-Miccos,_7495,STOFI-Miccos_7495
2801,2801,2016,826,300,7.47,32,STOFI-Miccos,_7495,STOFI-Miccos_7495
2809,2809,2016,914,390,6.22,32,STOFI-Miccos,_7495,STOFI-Miccos_7495
2814,2814,2016,751,380,5.2,32,STOFI-Miccos,_7495,STOFI-Miccos_7495
2815,2815,2016,808,320,10.04,32,STOFI-Miccos,_7495,STOFI-Miccos_7495
2818,2818,2016,783,550,6.72,32,STOFI-Miccos,_7495,STOFI-Miccos_7495
2822,2822,2016,817,380,5.07,32,STOFI-Miccos,_7495,STOFI-Miccos_7495
2827,2827,2016,718,520,,32,STOFI-Miccos,_7495,STOFI-Miccos_7495
2831,2831,2016,745,400,6.01,0,STOFI-Bright,_7495,STOFI-Bright_7495
2834,2834,2016,702,420,4.7,32,STOFI-Miccos,_7495,STOFI-Miccos_7495
2836,2836,2016,753,340,4.49,32,STOFI-Miccos,_7495,STOFI-Miccos_7495
2837,2837,2016,718,640,4.86,32,STOFI-Miccos,_7495,STOFI-Miccos_7495
2843,2843,2016,808,520,4.22,32,STOFI-Miccos,_7495,STOFI-Miccos_7495
2853,2853,2016,805,380,5.15,32,STOFI-Miccos,_7495,STOFI-Miccos_7495
2860,2860,2016,765,440,6.32,0,STOFI-Bright,_7495,STOFI-Bright_7495
2862,2862,2016,801,420,6.28,32,STOFI-Miccos,_7495,STOFI-Miccos_7495
2876,2876,2016,695,420,6.88,32,STOFI-Miccos,_7495,STOFI-Miccos_7495
2883,2883,2016,666,470,6.27,32,STOFI-Miccos,_7495,STOFI-Miccos_7495
2893,2893,2016,701,370,6.65,32,STOFI-Miccos,_7495,STOFI-Miccos_7495
10001,N10001,2017,952,440,5.384264,34,STOFI-StThom,_7596,STOFI-StThom_7596
10002,N10002,2017,891,390,7.02341,0,Ranch5,_7586,Ranch5_7586
10003,N10003,2017,958,320,4.455202,35,Ranch12,_7586,Ranch12_7586
10004,N10004,2017,953,410,5.62025,0,Ranch14,_7586,Ranch14_7586
10005,N10005,2017,849,510,5.87537,9,Ranch14,_7596,Ranch14_7596
10006,N10006,2017,724,410,4.317012,34,STOFI-StThom,_7596,STOFI-StThom_7596
10007,N10007,2017,844,410,,14,Ranch2,_7586,Ranch2_7586
10008,N10008,2017,741,420,5.308791,15,Ranch2,_7596,Ranch2_7596
10009,N10009,2017,805,380,4.765598,3,Ranch11,_7586,Ranch11_7586
10010,N10010,2017,874,420,4.965442,0,STOFI-StThom,_7586,STOFI-StThom_7586
10011,N10011,2017,756,380,6.11986,15,Ranch2,_7596,Ranch2_7596
10012,N10012,2017,718,370,4.390359,15,Ranch2,_7596,Ranch2_7596
10013,N10013,2017,862,410,4.602959,14,Ranch2,_7586,Ranch2_7586
10014,N10014,2017,685,490,4.051262,34,STOFI-StThom,_7596,STOFI-StThom_7596
10015,N10015,2017,955,390,4.479651,0,STOFI-StThom,_7586,STOFI-StThom_7586
10016,N10016,2017,809,490,4.827252,9,Ranch14,_7596,Ranch14_7596
10017,N10017,2017,806,510,4.385044,34,STOFI-StThom,_7596,STOFI-StThom_7596
10018,N10018,2017,866,360,5.310917,35,Ranch12,_7586,Ranch12_7586
10019,N10019,2017,859,510,4.364847,35,Ranch12,_7586,Ranch12_7586
10020,N10020,2017,886,480,4.48284,35,Ranch12,_7586,Ranch12_7586
10021,N10021,2017,896,350,3.981104,35,Ranch12,_7586,Ranch12_7586
10022,N10022,2017,765,480,4.383981,12,Ranch17,_F7,Ranch17_F7
10023,N10023,2017,856,390,5.304539,12,Ranch17,_F7,Ranch17_F7
10024,N10024,2017,918,410,4.271303,14,Ranch2,_7586,Ranch2_7586
10025,N10025,2017,921,420,4.009805,12,Ranch17,_F7,Ranch17_F7
10026,N10026,2017,767,410,6.085844,12,Ranch17,_F7,Ranch17_F7
10027,N10027,2017,910,370,5.945528,12,Ranch17,_F7,Ranch17_F7
10028,N10028,2017,779,480,4.720952,12,Ranch17,_F7,Ranch17_F7
10029,N10029,2017,845,390,3.912009,12,Ranch17,_F7,Ranch17_F7
10030,N10030,2017,735,520,5.005836,12,Ranch17,_F7,Ranch17_F7
10031,N10031,2017,881,450,5.967851,12,Ranch17,_F7,Ranch17_F7
10032,N10032,2017,742,380,4.681621,12,Ranch17,_F7,Ranch17_F7
10033,N10033,2017,779,360,4.730519,12,Ranch17,_F7,Ranch17_F7
10034,N10034,2017,825,410,5.07812,14,Ranch2,_7586,Ranch2_7586
10035,N10035,2017,862,390,4.600833,35,Ranch12,_7586,Ranch12_7586
10036,N10036,2017,687,370,5.193987,12,Ranch17,_F7,Ranch17_F7
10037,N10037,2017,770,390,5.199302,12,Ranch17,_F7,Ranch17_F7
10038,N10038,2017,868,430,4.395674,12,Ranch17,_F7,Ranch17_F7
10039,N10039,2017,856,350,4.325516,12,Ranch17,_F7,Ranch17_F7
10040,N10040,2017,654,390,5.923205,12,Ranch17,_F7,Ranch17_F7
10041,N10041,2017,798,410,5.842417,12,Ranch17,_F7,Ranch17_F7
10042,N10042,2017,803,410,4.410556,12,Ranch17,_F7,Ranch17_F7
10043,N10043,2017,,370,6.333523,12,Ranch17,_F7,Ranch17_F7
10044,N10044,2017,821,530,3.948151,14,Ranch2,_7586,Ranch2_7586
10045,N10045,2017,798,450,6.027379,3,Ranch11,_7586,Ranch11_7586
10046,N10046,2017,921,420,5.197176,12,Ranch17,_F7,Ranch17_F7
10047,N10047,2017,750,510,4.199019,12,Ranch17,_F7,Ranch17_F7
10048,N10048,2017,857,360,5.557533,14,Ranch2,_7586,Ranch2_7586
10049,N10049,2017,928,370,7.004276,3,Ranch11,_7586,Ranch11_7586
10050,N10050,2017,737,390,5.509698,12,Ranch17,_F7,Ranch17_F7
10051,N10051,2017,769,740,4.167129,12,Ranch17,_F7,Ranch17_F7
10052,N10052,2017,901,390,7.560225,3,Ranch11,_7586,Ranch11_7586
10053,N10053,2017,779,410,5.094065,34,STOFI-StThom,_7596,STOFI-StThom_7596
10054,N10054,2017,854,480,4.590203,23,Ranch5,_7596,Ranch5_7596
10055,N10055,2017,813,280,4.797488,3,Ranch11,_7586,Ranch11_7586
10056,N10056,2017,757,550,4.592329,12,Ranch17,_F7,Ranch17_F7
10057,N10057,2017,967,580,4.927174,12,Ranch17,_F7,Ranch17_F7
10058,N10058,2017,850,450,5.303476,12,Ranch17,_F7,Ranch17_F7
10059,N10059,2017,748,460,4.829378,12,Ranch17,_F7,Ranch17_F7
10060,N10060,2017,896,380,5.041978,12,Ranch17,_F7,Ranch17_F7
10061,N10061,2017,1031,420,4.653983,12,Ranch17,_F7,Ranch17_F7
10062,N10062,2017,,410,4.681621,12,Ranch17,_F7,Ranch17_F7
10063,N10063,2017,772,510,5.147215,12,Ranch17,_F7,Ranch17_F7
10064,N10064,2017,1043,250,5.197176,14,Ranch2,_7586,Ranch2_7586
10065,N10065,2017,764,420,5.724424,3,Ranch11,_7586,Ranch11_7586
10066,N10066,2017,694,390,6.467461,12,Ranch17,_F7,Ranch17_F7
10067,N10067,2017,796,550,4.456265,25,Ranch6,_7556,Ranch6_7556
10068,N10068,2017,960,510,4.414808,25,Ranch6,_7556,Ranch6_7556
10069,N10069,2017,865,510,4.864457,25,Ranch6,_7556,Ranch6_7556
10070,N10070,2017,867,710,5.366193,25,Ranch6,_7556,Ranch6_7556
10071,N10071,2017,729,390,4.726267,25,Ranch6,_7556,Ranch6_7556
10072,N10072,2017,766,390,5.201428,25,Ranch6,_7556,Ranch6_7556
10073,N10073,2017,767,510,4.314886,25,Ranch6,_7556,Ranch6_7556
10074,N10074,2017,893,630,6.676872,0,Ranch8,_7556,Ranch8_7556
10075,N10075,2017,866,510,4.658235,0,Ranch5,_7556,Ranch5_7556
10076,N10076,2017,889,540,4.79111,25,Ranch6,_7556,Ranch6_7556
10077,N10077,2017,749,580,4.539179,25,Ranch6,_7556,Ranch6_7556
10078,N10078,2017,778,620,5.039852,0,STOFI-Bright,_7556,STOFI-Bright_7556
10079,N10079,2017,881,710,4.612526,25,Ranch6,_7556,Ranch6_7556
10080,N10080,2017,933,740,4.577447,25,Ranch6,_7556,Ranch6_7556
10081,N10081,2017,781,610,4.863394,25,Ranch6,_7556,Ranch6_7556
10082,N10082,2017,944,380,4.976072,25,Ranch6,_7556,Ranch6_7556
10083,N10083,2017,952,850,4.7167,25,Ranch6,_7556,Ranch6_7556
10084,N10084,2017,867,390,4.056577,25,Ranch6,_7556,Ranch6_7556
10085,N10085,2017,989,420,5.077057,25,Ranch6,_7556,Ranch6_7556
10086,N10086,2017,831,410,4.645479,25,Ranch6,_7556,Ranch6_7556
10087,N10087,2017,820,480,4.731582,34,STOFI-StThom,_7596,STOFI-StThom_7596
10088,N10088,2017,899,490,5.105758,25,Ranch6,_7556,Ranch6_7556
10089,N10089,2017,952,610,6.090096,25,Ranch6,_7556,Ranch6_7556
10090,N10090,2017,810,810,4.196893,25,Ranch6,_7556,Ranch6_7556
10091,N10091,2017,839,380,4.702881,0,STOFI-Bright,_7556,STOFI-Bright_7556
10092,N10092,2017,872,610,4.413745,25,Ranch6,_7556,Ranch6_7556
10093,N10093,2017,769,430,4.754968,25,Ranch6,_7556,Ranch6_7556
10094,N10094,2017,857,480,4.226657,25,Ranch6,_7556,Ranch6_7556
10095,N10095,2017,808,480,4.409493,25,Ranch6,_7556,Ranch6_7556
10096,N10096,2017,875,370,5.080246,12,Ranch17,_F7,Ranch17_F7
10097,N10097,2017,898,370,4.151184,25,Ranch6,_7556,Ranch6_7556
10098,N10098,2017,,490,4.499848,12,Ranch17,_F7,Ranch17_F7
10099,N10099,2017,825,410,4.729456,25,Ranch6,_7556,Ranch6_7556
10100,N10100,2017,973,430,5.369382,25,Ranch6,_7556,Ranch6_7556
10101,N10101,2017,880,410,4.568943,12,Ranch17,_F7,Ranch17_F7
10102,N10102,2017,923,320,5.236507,25,Ranch6,_7556,Ranch6_7556
10103,N10103,2017,843,590,4.147995,0,STOFI-Bright,_7556,STOFI-Bright_7556
10104,N10104,2017,925,420,4.257484,25,Ranch6,_7556,Ranch6_7556
10105,N10105,2017,818,380,4.294689,25,Ranch6,_7556,Ranch6_7556
10106,N10106,2017,781,420,4.234098,25,Ranch6,_7556,Ranch6_7556
20001,N20001,2017,935,510,5.495879,9,Ranch14,_7596,Ranch14_7596
20002,N20002,2017,808,510,4.668865,15,Ranch2,_7596,Ranch2_7596
20003,N20003,2017,836,380,6.085844,15,Ranch2,_7596,Ranch2_7596
20004,N20004,2017,653,410,3.854607,15,Ranch2,_7596,Ranch2_7596
20005,N20005,2017,783,410,4.204334,15,Ranch2,_7596,Ranch2_7596
20006,N20006,2017,831,570,4.568943,15,Ranch2,_7596,Ranch2_7596
20007,N20007,2017,753,560,3.797205,34,STOFI-StThom,_7596,STOFI-StThom_7596
20008,N20008,2017,829,420,4.793236,9,Ranch14,_7596,Ranch14_7596
20009,N20009,2017,798,560,7.591052,15,Ranch2,_7596,Ranch2_7596
20010,N20010,2017,781,390,5.00371,0,STOFI-Parker,_7596,STOFI-Parker_7596
20011,N20011,2017,727,410,3.227437,23,Ranch5,_7596,Ranch5_7596
20012,N20012,2017,773,490,5.305602,9,Ranch14,_7596,Ranch14_7596
20013,N20013,2017,898,520,3.029719,34,STOFI-StThom,_7596,STOFI-StThom_7596
20014,N20014,2017,864,480,4.898473,34,STOFI-StThom,_7596,STOFI-StThom_7596
20015,N20015,2017,816,380,5.628754,34,STOFI-StThom,_7596,STOFI-StThom_7596
20016,N20016,2017,777,370,7.591052,15,Ranch2,_7596,Ranch2_7596
20017,N20017,2017,857,380,3.601613,15,Ranch2,_7596,Ranch2_7596
20018,N20018,2017,813,580,5.906197,34,STOFI-StThom,_7596,STOFI-StThom_7596
20019,N20019,2017,860,310,3.257201,0,Ranch5,_7586,Ranch5_7586
20020,N20020,2017,691,360,3.851418,15,Ranch2,_7596,Ranch2_7596
20021,N20021,2017,751,360,4.41906,34,STOFI-StThom,_7596,STOFI-StThom_7596
20022,N20022,2017,720,390,3.815276,34,STOFI-StThom,_7596,STOFI-StThom_7596
20023,N20023,2017,820,430,3.88756,23,Ranch5,_7596,Ranch5_7596
20024,N20024,2017,793,410,4.152247,34,STOFI-StThom,_7596,STOFI-StThom_7596
20025,N20025,2017,769,420,3.4411,0,STOFI-Parker,_7596,STOFI-Parker_7596
20026,N20026,2017,813,430,4.191578,15,Ranch2,_7596,Ranch2_7596
20027,N20027,2017,809,370,3.47299,34,STOFI-StThom,_7596,STOFI-StThom_7596
20028,N20028,2017,801,380,6.829944,23,Ranch5,_7596,Ranch5_7596
20029,N20029,2017,728,370,5.309854,15,Ranch2,_7596,Ranch2_7596
20030,N20030,2017,788,360,4.628471,15,Ranch2,_7596,Ranch2_7596
20031,N20031,2017,843,430,4.745401,34,STOFI-StThom,_7596,STOFI-StThom_7596
20032,N20032,2017,831,420,4.204334,9,Ranch14,_7596,Ranch14_7596
20033,N20033,2017,863,510,3.711102,34,STOFI-StThom,_7596,STOFI-StThom_7596
20034,N20034,2017,889,450,4.906977,15,Ranch2,_7596,Ranch2_7596
20035,N20035,2017,794,390,3.872678,23,Ranch5,_7596,Ranch5_7596
20036,N20036,2017,887,360,5.260956,9,Ranch14,_7596,Ranch14_7596
20037,N20037,2017,791,440,5.389579,34,STOFI-StThom,_7596,STOFI-StThom_7596
20038,N20038,2017,846,410,5.176979,11,Ranch17,_7126,Ranch17_7126
20039,N20039,2017,872,290,6.04545,11,Ranch17,_7126,Ranch17_7126
20040,N20040,2017,800,310,3.362438,0,Ranch1,_7126,Ranch1_7126
20041,N20041,2017,779,340,9.78721,11,Ranch17,_7126,Ranch17_7126
20042,N20042,2017,843,310,4.065081,0,Ranch1,_7126,Ranch1_7126
20043,N20043,2017,935,360,4.409493,11,Ranch17,_7126,Ranch17_7126
20044,N20044,2017,930,440,3.376257,11,Ranch17,_7126,Ranch17_7126
20045,N20045,2017,736,320,4.039569,11,Ranch17,_7126,Ranch17_7126
20046,N20046,2017,726,320,4.922922,11,Ranch17,_7126,Ranch17_7126
20047,N20047,2017,1019,430,4.0789,11,Ranch17,_7126,Ranch17_7126
20048,N20048,2017,765,380,4.901662,11,Ranch17,_7126,Ranch17_7126
20049,N20049,2017,813,480,3.449604,11,Ranch17,_7126,Ranch17_7126
20050,N20050,2017,820,380,3.486809,11,Ranch17,_7126,Ranch17_7126
20051,N20051,2017,899,510,5.581982,11,Ranch17,_7126,Ranch17_7126
20052,N20052,2017,916,340,4.46158,11,Ranch17,_7126,Ranch17_7126
20053,N20053,2017,851,430,5.97104,11,Ranch17,_7126,Ranch17_7126
20054,N20054,2017,757,360,4.611463,11,Ranch17,_7126,Ranch17_7126
20055,N20055,2017,978,710,7.290223,11,Ranch17,_7126,Ranch17_7126
20056,N20056,2017,752,550,3.952403,11,Ranch17,_7126,Ranch17_7126
20057,N20057,2017,769,380,5.096191,11,Ranch17,_7126,Ranch17_7126
20058,N20058,2017,1001,380,3.925828,11,Ranch17,_7126,Ranch17_7126
20059,N20059,2017,848,320,5.591549,11,Ranch17,_7126,Ranch17_7126
20060,N20060,2017,826,420,3.05842,11,Ranch17,_7126,Ranch17_7126
20061,N20061,2017,926,380,3.114759,11,Ranch17,_7126,Ranch17_7126
20062,N20062,2017,958,420,5.154656,11,Ranch17,_7126,Ranch17_7126
20063,N20063,2017,779,430,5.040915,11,Ranch17,_7126,Ranch17_7126
20064,N20064,2017,882,510,6.384547,11,Ranch17,_7126,Ranch17_7126
20065,N20065,2017,992,520,4.736897,11,Ranch17,_7126,Ranch17_7126
20066,N20066,2017,963,390,6.905417,11,Ranch17,_7126,Ranch17_7126
20067,N20067,2017,797,580,4.582762,11,Ranch17,_7126,Ranch17_7126
20068,N20068,2017,769,640,2.751213,11,Ranch17,_7126,Ranch17_7126
20069,N20069,2017,828,390,6.616281,0,Ranch1,_7126,Ranch1_7126
20070,N20070,2017,929,390,5.924268,11,Ranch17,_7126,Ranch17_7126
20071,N20071,2017,779,410,3.210429,11,Ranch17,_7126,Ranch17_7126
20072,N20072,2017,821,430,3.306099,11,Ranch17,_7126,Ranch17_7126
20073,N20073,2017,802,430,3.227437,11,Ranch17,_7126,Ranch17_7126
20074,N20074,2017,809,560,5.039852,11,Ranch17,_7126,Ranch17_7126
20075,N20075,2017,827,380,5.642573,6,Ranch12,_7626,Ranch12_7626
20076,N20076,2017,834,380,4.298941,4,Ranch11,_7606,Ranch11_7606
20077,N20077,2017,899,280,4.634849,17,Ranch2,_7626,Ranch2_7626
20078,N20078,2017,917,480,3.194484,16,Ranch2,_7606,Ranch2_7606
20079,N20079,2017,839,390,5.039852,5,Ranch12,_7606,Ranch12_7606
20080,N20080,2017,798,410,4.970757,5,Ranch12,_7606,Ranch12_7606
20081,N20081,2017,979,390,6.625848,17,Ranch2,_7626,Ranch2_7626
20082,N20082,2017,758,410,3.189169,16,Ranch2,_7606,Ranch2_7606
20083,N20083,2017,833,390,4.425438,4,Ranch11,_7606,Ranch11_7606
20084,N20084,2017,839,380,4.442446,17,Ranch2,_7626,Ranch2_7626
20085,N20085,2017,811,420,3.727047,34,STOFI-StThom,_7596,STOFI-StThom_7596
20086,N20086,2017,893,420,4.537053,5,Ranch12,_7606,Ranch12_7606
20087,N20087,2017,827,380,5.703164,17,Ranch2,_7626,Ranch2_7626
20088,N20088,2017,750,390,4.405241,5,Ranch12,_7606,Ranch12_7606
20089,N20089,2017,898,450,3.8663,5,Ranch12,_7606,Ranch12_7606
20090,N20090,2017,908,370,6.005056,5,Ranch12,_7606,Ranch12_7606
20091,N20091,2017,924,470,6.005056,16,Ranch2,_7606,Ranch2_7606
20092,N20092,2017,862,380,3.830158,3,Ranch11,_7586,Ranch11_7586
20093,N20093,2017,820,390,4.236224,5,Ranch12,_7606,Ranch12_7606
20094,N20094,2017,996,510,4.866583,6,Ranch12,_7626,Ranch12_7626
20095,N20095,2017,841,390,4.230909,24,Ranch5,_7606,Ranch5_7606
20096,N20096,2017,777,340,2.850072,24,Ranch5,_7606,Ranch5_7606
20097,N20097,2017,801,340,4.51473,6,Ranch12,_7626,Ranch12_7626
20098,N20098,2017,884,410,5.980607,17,Ranch2,_7626,Ranch2_7626
20099,N20099,2017,910,690,3.106255,36,Ranch14,_7606,Ranch14_7606
20100,N20100,2017,1080,420,4.538116,36,Ranch14,_7606,Ranch14_7606
20101,N20101,2017,843,440,3.650511,4,Ranch11,_7606,Ranch11_7606
20102,N20102,2017,894,460,4.724141,5,Ranch12,_7606,Ranch12_7606
20103,N20103,2017,885,430,3.258264,0,Ranch11,_7626,Ranch11_7626
20104,N20104,2017,860,220,4.460517,17,Ranch2,_7626,Ranch2_7626
20105,N20105,2017,811,390,3.279524,17,Ranch2,_7626,Ranch2_7626
20106,N20106,2017,889,620,5.804149,16,Ranch2,_7606,Ranch2_7606
20107,N20107,2017,810,390,5.165286,17,Ranch2,_7626,Ranch2_7626
20108,N20108,2017,1019,420,4.476462,5,Ranch12,_7606,Ranch12_7606
20110,N20110,2017,,,3.03716,6,Ranch12,_7626,Ranch12_7626
20111,N20111,2017,,,5.28009,6,Ranch12,_7626,Ranch12_7626
30001,N30001,2017,898,410,4.304256,16,Ranch2,_7606,Ranch2_7606
30002,N30002,2017,866,430,4.964379,28,STOFI-Bright,_7186,STOFI-Bright_7186
30003,N30003,2017,762,390,5.781826,28,STOFI-Bright,_7186,STOFI-Bright_7186
30004,N30004,2017,841,290,5.180168,28,STOFI-Bright,_7186,STOFI-Bright_7186
30005,N30005,2017,895,450,5.728676,28,STOFI-Bright,_7186,STOFI-Bright_7186
30006,N30006,2017,757,420,4.975009,28,STOFI-Bright,_7186,STOFI-Bright_7186
30007,N30007,2017,799,310,4.781543,19,Ranch3,_7186,Ranch3_7186
30008,N30008,2017,816,510,6.457894,28,STOFI-Bright,_7186,STOFI-Bright_7186
30009,N30009,2017,746,380,5.986985,28,STOFI-Bright,_7186,STOFI-Bright_7186
30010,N30010,2017,847,410,5.754188,19,Ranch3,_7186,Ranch3_7186
30011,N30011,2017,894,380,5.564974,28,STOFI-Bright,_7186,STOFI-Bright_7186
30012,N30012,2017,846,410,6.135805,28,STOFI-Bright,_7186,STOFI-Bright_7186
30013,N30013,2017,833,510,3.34543,28,STOFI-Bright,_7186,STOFI-Bright_7186
30014,N30014,2017,851,580,5.401272,28,STOFI-Bright,_7186,STOFI-Bright_7186
30015,N30015,2017,929,290,5.961473,0,Ranch2,_7186,Ranch2_7186
30016,N30016,2017,745,410,7.909952,19,Ranch3,_7186,Ranch3_7186
30017,N30017,2017,836,410,6.692817,28,STOFI-Bright,_7186,STOFI-Bright_7186
30018,N30018,2017,863,420,4.616778,19,Ranch3,_7186,Ranch3_7186
30019,N30019,2017,795,480,5.72655,28,STOFI-Bright,_7186,STOFI-Bright_7186
30020,N30020,2017,846,570,4.269177,28,STOFI-Bright,_7186,STOFI-Bright_7186
30021,N30021,2017,795,270,4.407367,19,Ranch3,_7186,Ranch3_7186
30022,N30022,2017,851,390,4.770913,28,STOFI-Bright,_7186,STOFI-Bright_7186
30023,N30023,2017,816,450,4.863394,0,Ranch6,_7186,Ranch6_7186
30024,N30024,2017,903,610,3.944962,28,STOFI-Bright,_7186,STOFI-Bright_7186
30025,N30025,2017,838,430,4.197956,28,STOFI-Bright,_7186,STOFI-Bright_7186
30026,N30026,2017,909,510,4.87615,28,STOFI-Bright,_7186,STOFI-Bright_7186
30027,N30027,2017,866,510,4.176696,19,Ranch3,_7186,Ranch3_7186
30028,N30028,2017,937,380,,19,Ranch3,_7186,Ranch3_7186
30029,N30029,2017,845,510,,4,Ranch11,_7606,Ranch11_7606
30030,N30030,2017,805,380,4.795362,5,Ranch12,_7606,Ranch12_7606
30031,N30031,2017,845,390,4.935678,2,Ranch11,_7566,Ranch11_7566
30032,N30032,2017,807,340,7.192427,5,Ranch12,_7606,Ranch12_7606
30033,N30033,2017,949,380,6.373917,17,Ranch2,_7626,Ranch2_7626
30034,N30034,2017,767,380,4.328705,4,Ranch11,_7606,Ranch11_7606
30035,N30035,2017,899,340,6.408996,17,Ranch2,_7626,Ranch2_7626
30036,N30036,2017,841,380,5.764818,6,Ranch12,_7626,Ranch12_7626
30037,N30037,2017,839,410,5.121703,17,Ranch2,_7626,Ranch2_7626
30038,N30038,2017,808,440,7.886566,17,Ranch2,_7626,Ranch2_7626
30039,N30039,2017,791,420,4.888906,5,Ranch12,_7606,Ranch12_7606
30040,N30040,2017,888,390,4.901662,2,Ranch11,_7566,Ranch11_7566
30041,N30041,2017,867,370,6.825692,6,Ranch12,_7626,Ranch12_7626
30042,N30042,2017,891,340,5.804149,16,Ranch2,_7606,Ranch2_7606
30043,N30043,2017,837,390,4.792173,17,Ranch2,_7626,Ranch2_7626
30044,N30044,2017,843,610,5.304539,5,Ranch12,_7606,Ranch12_7606
30045,N30045,2017,860,360,4.368036,6,Ranch12,_7626,Ranch12_7626
30046,N30046,2017,824,410,5.3545,4,Ranch11,_7606,Ranch11_7606
30047,N30047,2017,812,390,4.500911,16,Ranch2,_7606,Ranch2_7606
30048,N30048,2017,827,530,4.340398,5,Ranch12,_7606,Ranch12_7606
30049,N30049,2017,779,470,5.178042,17,Ranch2,_7626,Ranch2_7626
30050,N30050,2017,1068,570,4.348902,36,Ranch14,_7606,Ranch14_7606
30051,N30051,2017,756,410,3.583542,4,Ranch11,_7606,Ranch11_7606
30052,N30052,2017,839,390,4.64229,5,Ranch12,_7606,Ranch12_7606
30053,N30053,2017,1000,520,5.09938,16,Ranch2,_7606,Ranch2_7606
30054,N30054,2017,927,440,4.916544,0,STOFI-StThom,_7606,STOFI-StThom_7606
30055,N30055,2017,723,490,6.073088,17,Ranch2,_7626,Ranch2_7626
30056,N30056,2017,948,390,5.306665,19,Ranch3,_7186,Ranch3_7186
30057,N30057,2017,949,390,4.629534,19,Ranch3,_7186,Ranch3_7186
30058,N30058,2017,873,530,4.795362,28,STOFI-Bright,_7186,STOFI-Bright_7186
30059,N30059,2017,972,370,5.792456,19,Ranch3,_7186,Ranch3_7186
30060,N30060,2017,872,410,4.457328,28,STOFI-Bright,_7186,STOFI-Bright_7186
30061,N30061,2017,912,410,6.805495,28,STOFI-Bright,_7186,STOFI-Bright_7186
30062,N30062,2017,837,460,,28,STOFI-Bright,_7186,STOFI-Bright_7186
30063,N30063,2017,818,390,5.626628,5,Ranch12,_7606,Ranch12_7606
30064,N30064,2017,792,390,,17,Ranch2,_7626,Ranch2_7626
30065,N30065,2017,887,410,,19,Ranch3,_7186,Ranch3_7186
30066,N30066,2017,930,390,4.47221,19,Ranch3,_7186,Ranch3_7186
30067,N30067,2017,786,410,4.530675,28,STOFI-Bright,_7186,STOFI-Bright_7186
30068,N30068,2017,814,390,4.845323,17,Ranch2,_7626,Ranch2_7626
30069,N30069,2017,889,420,4.995206,0,Ranch11,_7556,Ranch11_7556
30070,N30070,2017,889,720,4.919733,22,Ranch5,_7566,Ranch5_7566
30071,N30071,2017,740,520,5.823283,33,STOFI-StThom,_7566,STOFI-StThom_7566
30072,N30072,2017,864,680,4.686936,2,Ranch11,_7566,Ranch11_7566
30073,N30073,2017,871,710,4.169255,8,Ranch14,_7566,Ranch14_7566
30074,N30074,2017,718,410,7.612312,25,Ranch6,_7556,Ranch6_7556
30075,N30075,2017,859,370,5.28009,25,Ranch6,_7556,Ranch6_7556
30076,N30076,2017,844,410,4.295752,0,STOFI-Parker,_7566,STOFI-Parker_7566
30077,N30077,2017,772,510,4.49347,25,Ranch6,_7556,Ranch6_7556
30078,N30078,2017,771,420,6.918173,22,Ranch5,_7566,Ranch5_7566
30079,N30079,2017,897,720,5.945528,33,STOFI-StThom,_7566,STOFI-StThom_7566
30080,N30080,2017,745,520,7.093568,0,STOFI-Parker,_7566,STOFI-Parker_7566
30081,N30081,2017,869,390,4.314886,8,Ranch14,_7566,Ranch14_7566
30082,N30082,2017,772,610,4.437131,33,STOFI-StThom,_7566,STOFI-StThom_7566
30083,N30083,2017,761,820,4.596581,33,STOFI-StThom,_7566,STOFI-StThom_7566
30084,N30084,2017,831,420,5.2482,33,STOFI-StThom,_7566,STOFI-StThom_7566
30085,N30085,2017,683,390,5.193987,25,Ranch6,_7556,Ranch6_7556
30086,N30086,2017,867,470,5.456548,0,STOFI-Bright,_7556,STOFI-Bright_7556
30087,N30087,2017,847,410,3.575038,25,Ranch6,_7556,Ranch6_7556
30088,N30088,2017,842,420,6.904354,25,Ranch6,_7556,Ranch6_7556
30089,N30089,2017,669,380,4.734771,25,Ranch6,_7556,Ranch6_7556
30090,N30090,2017,830,360,4.647605,25,Ranch6,_7556,Ranch6_7556
30091,N30091,2017,812,390,5.353437,25,Ranch6,_7556,Ranch6_7556
30092,N30092,2017,871,410,4.912292,22,Ranch5,_7566,Ranch5_7566
30093,N30093,2017,980,680,,2,Ranch11,_7566,Ranch11_7566
30094,N30094,2017,747,480,,25,Ranch6,_7556,Ranch6_7556
30095,N30095,2017,638,390,5.530958,25,Ranch6,_7556,Ranch6_7556
30096,N30096,2017,667,390,6.82144,2,Ranch11,_7566,Ranch11_7566
30097,N30097,2017,855,490,,13,Ranch2,_7566,Ranch2_7566
30098,N30098,2017,825,510,5.118514,33,STOFI-StThom,_7566,STOFI-StThom_7566
30099,N30099,2017,897,420,5.629817,33,STOFI-StThom,_7566,STOFI-StThom_7566
30100,N30100,2017,812,460,6.586517,0,STOFI-Parker,_7566,STOFI-Parker_7566
30101,N30101,2017,757,710,5.709542,33,STOFI-StThom,_7566,STOFI-StThom_7566
30102,N30102,2017,897,510,8.006685,0,Ranch8,_7556,Ranch8_7556
30103,N30103,2017,921,610,5.924268,33,STOFI-StThom,_7566,STOFI-StThom_7566
30104,N30104,2017,854,310,4.615715,17,Ranch2,_7626,Ranch2_7626
30105,N30105,2017,917,510,4.705007,17,Ranch2,_7626,Ranch2_7626
30106,N30106,2017,795,460,5.096191,6,Ranch12,_7626,Ranch12_7626
30107,N30107,2017,808,390,4.594455,16,Ranch2,_7606,Ranch2_7606
30108,N30108,2017,838,410,4.523234,6,Ranch12,_7626,Ranch12_7626
30109,N30109,2017,944,710,4.817685,24,Ranch5,_7606,Ranch5_7606
30110,N30110,2017,992,390,,36,Ranch14,_7606,Ranch14_7606
30111,N30111,2017,820,430,3.984293,17,Ranch2,_7626,Ranch2_7626
30112,N30112,2017,801,,,0,Ranch8,_7556,Ranch8_7556
40001,N40001,2017,853,420,5.534147,34,STOFI-StThom,_7596,STOFI-StThom_7596
40002,N40002,2017,691,430,4.52536,34,STOFI-StThom,_7596,STOFI-StThom_7596
40003,N40003,2017,878,520,5.08875,15,Ranch2,_7596,Ranch2_7596
40004,N40004,2017,679,430,7.277467,34,STOFI-StThom,_7596,STOFI-StThom_7596
40005,N40005,2017,708,410,6.95963,34,STOFI-StThom,_7596,STOFI-StThom_7596
40006,N40006,2017,861,410,5.735054,34,STOFI-StThom,_7596,STOFI-StThom_7596
40007,N40007,2017,700,570,5.027096,34,STOFI-StThom,_7596,STOFI-StThom_7596
40008,N40008,2017,679,410,4.398863,15,Ranch2,_7596,Ranch2_7596
40009,N40009,2017,735,320,8.136371,15,Ranch2,_7596,Ranch2_7596
40010,N40010,2017,748,440,6.60884,34,STOFI-StThom,_7596,STOFI-StThom_7596
40011,N40011,2017,810,510,7.187112,15,Ranch2,_7596,Ranch2_7596
40012,N40012,2017,681,310,4.625282,34,STOFI-StThom,_7596,STOFI-StThom_7596
40013,N40013,2017,824,520,4.315949,34,STOFI-StThom,_7596,STOFI-StThom_7596
40014,N40014,2017,850,570,3.904568,15,Ranch2,_7596,Ranch2_7596
40015,N40015,2017,887,510,5.283279,34,STOFI-StThom,_7596,STOFI-StThom_7596
40016,N40016,2017,721,460,4.158625,15,Ranch2,_7596,Ranch2_7596
40017,N40017,2017,730,610,5.058986,34,STOFI-StThom,_7596,STOFI-StThom_7596
40018,N40018,2017,763,460,4.766661,15,Ranch2,_7596,Ranch2_7596
40019,N40019,2017,724,610,5.356626,34,STOFI-StThom,_7596,STOFI-StThom_7596
40020,N40020,2017,765,380,4.052325,34,STOFI-StThom,_7596,STOFI-StThom_7596
40021,N40021,2017,756,340,6.694943,34,STOFI-StThom,_7596,STOFI-StThom_7596
40022,N40022,2017,707,510,6.32183,34,STOFI-StThom,_7596,STOFI-StThom_7596
40023,N40023,2017,734,460,4.564691,9,Ranch14,_7596,Ranch14_7596
40024,N40024,2017,717,390,,23,Ranch5,_7596,Ranch5_7596
40025,N40025,,,,5.236507,0,0,0,00
40026,N40026,2017,819,510,4.297878,34,STOFI-StThom,_7596,STOFI-StThom_7596
40027,N40027,2017,712,280,4.983513,0,Ranch3,_77146,Ranch3_77146
40028,N40028,2017,772,410,5.055797,1,Ranch1,_77146,Ranch1_77146
40029,N40029,2017,828,310,4.946308,1,Ranch1,_77146,Ranch1_77146
40030,N40030,2017,849,370,5.340681,1,Ranch1,_77146,Ranch1_77146
40031,N40031,2017,759,360,6.762975,0,Ranch3,_77146,Ranch3_77146
40032,N40032,2017,859,510,4.673117,1,Ranch1,_77146,Ranch1_77146
40033,N40033,2017,831,310,4.570006,1,Ranch1,_77146,Ranch1_77146
40034,N40034,2017,867,390,5.614935,1,Ranch1,_77146,Ranch1_77146
40035,N40035,2017,926,360,4.604022,1,Ranch1,_77146,Ranch1_77146
40036,N40036,2017,1010,280,4.74859,1,Ranch1,_77146,Ranch1_77146
40037,N40037,2017,901,360,4.672054,1,Ranch1,_77146,Ranch1_77146
40038,N40038,2017,832,340,4.556187,1,Ranch1,_77146,Ranch1_77146
40039,N40039,2017,868,410,4.144806,1,Ranch1,_77146,Ranch1_77146
40040,N40040,2017,941,460,4.329768,1,Ranch1,_77146,Ranch1_77146
40041,N40041,2017,839,410,5.380012,0,Ranch3,_77146,Ranch3_77146
40042,N40042,2017,861,520,3.751496,1,Ranch1,_77146,Ranch1_77146
40043,N40043,2017,954,410,3.998112,1,Ranch1,_77146,Ranch1_77146
40044,N40044,2017,913,510,4.676306,1,Ranch1,_77146,Ranch1_77146
40045,N40045,2017,857,750,4.361658,1,Ranch1,_77146,Ranch1_77146
40046,N40046,2017,947,420,4.685873,1,Ranch1,_77146,Ranch1_77146
40047,N40047,2017,989,370,5.11001,1,Ranch1,_77146,Ranch1_77146
40048,N40048,2017,790,410,5.484186,1,Ranch1,_77146,Ranch1_77146
40049,N40049,2017,856,510,4.628471,1,Ranch1,_77146,Ranch1_77146
40050,N40050,2017,973,410,4.491344,1,Ranch1,_77146,Ranch1_77146
40051,N40051,2017,879,360,4.188389,1,Ranch1,_77146,Ranch1_77146
40052,N40052,2017,828,420,4.473273,1,Ranch1,_77146,Ranch1_77146
40053,N40053,2017,874,280,5.251389,1,Ranch1,_77146,Ranch1_77146
40054,N40054,2017,845,310,5.360878,1,Ranch1,_77146,Ranch1_77146
40055,N40055,2017,874,420,5.01434,1,Ranch1,_77146,Ranch1_77146
40056,N40056,2017,800,310,4.816622,0,Ranch3,_77146,Ranch3_77146
40057,N40057,2017,870,410,4.853827,1,Ranch1,_77146,Ranch1_77146
40058,N40058,2017,899,410,5.191861,1,Ranch1,_77146,Ranch1_77146
40059,N40059,2017,773,410,4.673117,23,Ranch5,_7596,Ranch5_7596
40060,N40060,2017,706,280,4.354217,15,Ranch2,_7596,Ranch2_7596
40061,N40061,2017,695,360,4.356343,1,Ranch1,_77146,Ranch1_77146
40062,N40062,2017,791,430,4.402052,34,STOFI-StThom,_7596,STOFI-StThom_7596
40063,N40063,2017,852,620,4.13205,34,STOFI-StThom,_7596,STOFI-StThom_7596
40064,N40064,2017,899,430,4.411619,1,Ranch1,_77146,Ranch1_77146
40065,N40065,2017,705,420,4.495596,15,Ranch2,_7596,Ranch2_7596
40066,N40066,2017,883,410,5.055797,34,STOFI-StThom,_7596,STOFI-StThom_7596
40067,N40067,2017,754,710,4.257484,34,STOFI-StThom,_7596,STOFI-StThom_7596
40068,N40068,2017,843,390,3.733425,34,STOFI-StThom,_7596,STOFI-StThom_7596
40069,N40069,2017,983,420,4.6362309,1,Ranch1,_77146,Ranch1_77146
40070,N40070,2017,767,610,5.472493,23,Ranch5,_7596,Ranch5_7596
40071,N40071,2017,762,490,4.911229,34,STOFI-StThom,_7596,STOFI-StThom_7596
40072,N40072,2017,867,410,4.63166,9,Ranch14,_7596,Ranch14_7596
40073,N40073,2017,827,390,4.409493,34,STOFI-StThom,_7596,STOFI-StThom_7596
40074,N40074,2017,762,610,5.335366,15,Ranch2,_7596,Ranch2_7596
40075,N40075,2017,882,320,4.274492,1,Ranch1,_77146,Ranch1_77146
40076,N40076,2017,865,420,4.0789,1,Ranch1,_77146,Ranch1_77146
40077,N40077,2017,881,310,7.397586,1,Ranch1,_77146,Ranch1_77146
40078,N40078,2017,980,410,4.74859,1,Ranch1,_77146,Ranch1_77146
40079,N40079,2017,896,420,4.572132,0,0,0,00
40080,N40080,2017,849,370,6.017812,1,Ranch1,_77146,Ranch1_77146
40081,N40081,2017,792,430,5.993363,1,Ranch1,_77146,Ranch1_77146
40082,N40082,2017,714,390,5.340681,1,Ranch1,_77146,Ranch1_77146
40083,N40083,2017,931,410,4.45095,1,Ranch1,_77146,Ranch1_77146
40084,N40084,2017,793,410,3.901379,1,Ranch1,_77146,Ranch1_77146
40085,N40085,2017,759,510,5.041978,1,Ranch1,_77146,Ranch1_77146
40086,N40086,2017,743,520,,1,Ranch1,_77146,Ranch1_77146
40087,N40087,2017,823,,5.094065,0,Ranch3,_77146,Ranch3_77146
40088,N40088,2017,805,510,4.465832,1,Ranch1,_77146,Ranch1_77146
40089,N40089,2017,695,390,4.925048,1,Ranch1,_77146,Ranch1_77146
40090,N40090,2017,846,380,4.494533,1,Ranch1,_77146,Ranch1_77146
40091,N40091,2017,811,280,4.000238,1,Ranch1,_77146,Ranch1_77146
40092,N40092,2017,862,510,4.598707,1,Ranch1,_77146,Ranch1_77146
40093,N40093,2017,995,480,3.896064,1,Ranch1,_77146,Ranch1_77146
40094,N40094,2017,828,430,4.548746,1,Ranch1,_77146,Ranch1_77146
40095,N40095,2017,884,510,4.327642,1,Ranch1,_77146,Ranch1_77146
40096,N40096,2017,866,490,4.396737,1,Ranch1,_77146,Ranch1_77146
40097,N40097,2017,840,510,4.602959,1,Ranch1,_77146,Ranch1_77146
40098,N40098,2017,801,610,6.19427,1,Ranch1,_77146,Ranch1_77146
40099,N40099,2017,869,490,4.396737,1,Ranch1,_77146,Ranch1_77146
40100,N40100,2017,877,510,4.35528,1,Ranch1,_77146,Ranch1_77146
40101,N40101,2017,793,520,4.199019,1,Ranch1,_77146,Ranch1_77146
40102,N40102,,,,4.602959,0,0,0,00
40103,N40103,2017,923,450,5.678715,0,Ranch3,_77146,Ranch3_77146
40104,N40104,2017,852,420,4.808118,1,Ranch1,_77146,Ranch1_77146
40105,N40105,2017,1020,740,4.595518,1,Ranch1,_77146,Ranch1_77146
40106,N40106,2017,760,410,4.443509,1,Ranch1,_77146,Ranch1_77146
40107,N40107,2017,869,620,4.550872,1,Ranch1,_77146,Ranch1_77146
40108,N40108,2017,860,420,4.696503,1,Ranch1,_77146,Ranch1_77146
40109,N40109,2017,764,410,5.041978,1,Ranch1,_77146,Ranch1_77146
40110,N40110,2017,961,410,5.179105,1,Ranch1,_77146,Ranch1_77146
40111,N40111,2017,784,410,3.997049,1,Ranch1,_77146,Ranch1_77146
50001,N50001,2017,883,390,5.002647,33,STOFI-StThom,_7566,STOFI-StThom_7566
50002,N50002,2017,826,,4.995206,13,Ranch2,_7566,Ranch2_7566
50003,N50003,2017,735,,5.340681,0,0,_7566,0_7566
50004,N50004,2017,760,,5.223751,2,Ranch11,_7566,Ranch11_7566
50005,N50005,2017,805,720,4.412682,13,Ranch2,_7566,Ranch2_7566
50006,N50006,2017,903,480,5.096191,33,STOFI-StThom,_7566,STOFI-StThom_7566
50007,N50007,2017,711,420,4.088467,33,STOFI-StThom,_7566,STOFI-StThom_7566
50008,N50008,2017,836,320,,2,Ranch11,_7566,Ranch11_7566
50009,N50009,2017,752,670,4.420123,33,STOFI-StThom,_7566,STOFI-StThom_7566
50010,N50010,2017,894,420,5.117451,22,Ranch5,_7566,Ranch5_7566
50011,N50011,2017,780,410,4.579573,33,STOFI-StThom,_7566,STOFI-StThom_7566
50012,N50012,2017,893,480,3.977915,8,Ranch14,_7566,Ranch14_7566
50013,N50013,2017,921,510,3.670708,8,Ranch14,_7566,Ranch14_7566
50014,N50014,2017,861,360,5.228003,22,Ranch5,_7566,Ranch5_7566
50015,N50015,2017,709,580,7.324239,33,STOFI-StThom,_7566,STOFI-StThom_7566
50016,N50016,2017,888,630,4.79111,22,Ranch5,_7566,Ranch5_7566
50017,N50017,2017,864,360,4.22772,2,Ranch11,_7566,Ranch11_7566
50018,N50018,2017,805,360,5.84348,2,Ranch11,_7566,Ranch11_7566
50019,N50019,2017,766,440,3.713228,33,STOFI-StThom,_7566,STOFI-StThom_7566
50020,N50020,2017,953,370,4.329768,22,Ranch5,_7566,Ranch5_7566
50021,N50021,2017,853,420,4.356343,22,Ranch5,_7566,Ranch5_7566
50022,N50022,2017,835,410,4.767724,2,Ranch11,_7566,Ranch11_7566
50023,N50023,2017,840,470,3.607991,13,Ranch2,_7566,Ranch2_7566
50024,N50024,2017,789,610,6.402618,33,STOFI-StThom,_7566,STOFI-StThom_7566
50025,N50025,2017,728,410,4.570006,33,STOFI-StThom,_7566,STOFI-StThom_7566
50026,N50026,2017,842,410,4.175633,2,Ranch11,_7566,Ranch11_7566
50027,N50027,2017,916,470,4.314886,2,Ranch11,_7566,Ranch11_7566
50028,N50028,2017,781,340,4.793236,22,Ranch5,_7566,Ranch5_7566
50029,N50029,2017,854,610,5.867929,33,STOFI-StThom,_7566,STOFI-StThom_7566
50030,N50030,2017,880,420,4.035317,22,Ranch5,_7566,Ranch5_7566
50031,N50031,2017,912,410,4.22772,13,Ranch2,_7566,Ranch2_7566
50032,N50032,2017,879,340,4.774102,33,STOFI-StThom,_7566,STOFI-StThom_7566
50033,N50033,2017,799,320,4.175633,2,Ranch11,_7566,Ranch11_7566
50034,N50034,2017,756,470,4.64229,2,Ranch11,_7566,Ranch11_7566
50035,N50035,2017,779,460,4.743275,2,Ranch11,_7566,Ranch11_7566
50036,N50036,2017,913,340,4.507289,2,Ranch11,_7566,Ranch11_7566
50037,N50037,2017,888,470,5.128081,2,Ranch11,_7566,Ranch11_7566
50038,N50038,2017,723,310,4.643353,4,Ranch11,_7606,Ranch11_7606
50039,N50039,2017,818,420,5.627691,6,Ranch12,_7626,Ranch12_7626
50040,N50040,2017,788,480,4.19583,17,Ranch2,_7626,Ranch2_7626
50041,N50041,2017,752,210,4.764535,6,Ranch12,_7626,Ranch12_7626
50042,N50042,2017,708,430,8.550941,34,STOFI-StThom,_7596,STOFI-StThom_7596
50043,N50043,2017,752,310,4.902725,15,Ranch2,_7596,Ranch2_7596
50044,N50044,2017,804,360,5.727613,5,Ranch12,_7606,Ranch12_7606
50045,N50045,2017,773,610,4.893158,16,Ranch2,_7606,Ranch2_7606
50046,N50046,2017,750,410,4.664613,17,Ranch2,_7626,Ranch2_7626
50047,N50047,2017,819,430,3.822717,4,Ranch11,_7606,Ranch11_7606
50048,N50048,2017,711,370,4.399926,34,STOFI-StThom,_7596,STOFI-StThom_7596
50049,N50049,2017,922,460,5.37576,34,STOFI-StThom,_7596,STOFI-StThom_7596
50050,N50050,2017,792,460,4.427564,5,Ranch12,_7606,Ranch12_7606
50051,N50051,2017,821,410,6.0986,6,Ranch12,_7626,Ranch12_7626
50052,N50052,2017,828,410,4.129924,17,Ranch2,_7626,Ranch2_7626
50053,N50053,2017,848,390,4.113979,17,Ranch2,_7626,Ranch2_7626
50054,N50054,2017,730,390,5.452296,15,Ranch2,_7596,Ranch2_7596
50055,N50055,2017,605,380,4.955875,34,STOFI-StThom,_7596,STOFI-StThom_7596
50056,N50056,2017,667,430,,34,STOFI-StThom,_7596,STOFI-StThom_7596
50057,N50057,2017,781,510,3.929017,6,Ranch12,_7626,Ranch12_7626
50058,N50058,2017,639,510,5.47143,34,STOFI-StThom,_7596,STOFI-StThom_7596
50059,N50059,2017,670,390,5.445918,34,STOFI-StThom,_7596,STOFI-StThom_7596
50060,N50060,2017,799,,3.936458,34,STOFI-StThom,_7596,STOFI-StThom_7596
50061,N50061,2017,747,410,5.474619,17,Ranch2,_7626,Ranch2_7626
50062,N50062,2017,697,360,4.698629,34,STOFI-StThom,_7596,STOFI-StThom_7596
50063,N50063,2017,777,770,4.420123,34,STOFI-StThom,_7596,STOFI-StThom_7596
50064,N50064,2017,828,420,4.441383,17,Ranch2,_7626,Ranch2_7626
50065,N50065,2017,811,530,4.819811,15,Ranch2,_7596,Ranch2_7596
50066,N50066,2017,812,420,5.028159,6,Ranch12,_7626,Ranch12_7626
50067,N50067,2017,795,370,4.554061,17,Ranch2,_7626,Ranch2_7626
50068,N50068,2017,819,410,5.157845,24,Ranch5,_7606,Ranch5_7606
50069,N50069,2017,701,430,4.744338,34,STOFI-StThom,_7596,STOFI-StThom_7596
50070,N50070,2017,808,380,4.382918,15,Ranch2,_7596,Ranch2_7596
50071,N50071,2017,836,620,4.615715,15,Ranch2,_7596,Ranch2_7596
50072,N50072,2017,797,420,6.657738,0,STOFI-StThom,_7626,STOFI-StThom_7626
50073,N50073,2017,762,390,4.044884,34,STOFI-StThom,_7596,STOFI-StThom_7596
50074,N50074,2017,819,430,5.702101,34,STOFI-StThom,_7596,STOFI-StThom_7596
50075,N50075,2017,733,420,4.031065,34,STOFI-StThom,_7596,STOFI-StThom_7596
50076,N50076,2017,746,470,4.474336,16,Ranch2,_7606,Ranch2_7606
50077,N50077,2017,813,410,4.171381,28,STOFI-Bright,_7186,STOFI-Bright_7186
50078,N50078,2017,923,420,5.111073,28,STOFI-Bright,_7186,STOFI-Bright_7186
50079,N50079,2017,1028,380,,19,Ranch3,_7186,Ranch3_7186
50080,N50080,2017,1009,450,6.267617,28,STOFI-Bright,_7186,STOFI-Bright_7186
50081,N50081,2017,951,350,6.492973,19,Ranch3,_7186,Ranch3_7186
50082,N50082,2017,770,410,4.407367,19,Ranch3,_7186,Ranch3_7186
50083,N50083,2017,832,380,4.910166,28,STOFI-Bright,_7186,STOFI-Bright_7186
50084,N50084,2017,836,440,3.924765,0,Ranch2,_7186,Ranch2_7186
50085,N50085,2017,912,420,4.808118,19,Ranch3,_7186,Ranch3_7186
50086,N50086,2017,993,390,3.854607,19,Ranch3,_7186,Ranch3_7186
50087,N50087,2017,951,570,5.675526,0,Ranch2,_7186,Ranch2_7186
50088,N50088,2017,969,290,6.306948,19,Ranch3,_7186,Ranch3_7186
50089,N50089,2017,948,380,5.007962,19,Ranch3,_7186,Ranch3_7186
50090,N50090,2017,917,340,4.864457,19,Ranch3,_7186,Ranch3_7186
50091,N50091,2017,868,420,4.592329,28,STOFI-Bright,_7186,STOFI-Bright_7186
50092,N50092,2017,834,680,4.008742,28,STOFI-Bright,_7186,STOFI-Bright_7186
50093,N50093,2017,845,610,5.647888,28,STOFI-Bright,_7186,STOFI-Bright_7186
50094,N50094,2017,829,410,5.681904,19,Ranch3,_7186,Ranch3_7186
50095,N50095,2017,955,440,4.348902,28,STOFI-Bright,_7186,STOFI-Bright_7186
50096,N50096,2017,786,510,5.825409,0,Ranch6,_7186,Ranch6_7186
50097,N50097,2017,910,520,4.693314,19,Ranch3,_7186,Ranch3_7186
50098,N50098,2017,850,420,6.170884,28,STOFI-Bright,_7186,STOFI-Bright_7186
50099,N50099,2017,927,410,5.08875,19,Ranch3,_7186,Ranch3_7186
50100,N50100,2017,850,420,5.587297,19,Ranch3,_7186,Ranch3_7186
50101,N50101,2017,880,340,5.103632,19,Ranch3,_7186,Ranch3_7186
50102,N50102,2017,859,420,4.122483,28,STOFI-Bright,_7186,STOFI-Bright_7186
50103,N50103,2017,753,410,4.460517,0,Ranch6,_7186,Ranch6_7186
50104,N50104,2017,809,360,5.849858,19,Ranch3,_7186,Ranch3_7186
50105,N50105,2017,803,420,4.349965,19,Ranch3,_7186,Ranch3_7186
50106,N50106,2017,914,410,8.233104,28,STOFI-Bright,_7186,STOFI-Bright_7186
50107,N50107,2017,794,420,3.831221,19,Ranch3,_7186,Ranch3_7186
50108,N50108,2017,866,,4.422249,19,Ranch3,_7186,Ranch3_7186
50109,N50109,2017,877,,5.002647,28,STOFI-Bright,_7186,STOFI-Bright_7186
50110,N50110,2017,923,,4.862331,19,Ranch3,_7186,Ranch3_7186
60001,N60001,2017,848,410,4.343587,17,Ranch2,_7626,Ranch2_7626
60002,N60002,2017,881,460,5.523517,16,Ranch2,_7606,Ranch2_7606
60003,N60003,2017,741,470,4.176696,17,Ranch2,_7626,Ranch2_7626
60004,N60004,2017,796,440,5.687219,16,Ranch2,_7606,Ranch2_7606
60005,N60005,2017,755,510,4.13205,17,Ranch2,_7626,Ranch2_7626
60006,N60006,2017,883,350,5.83285,16,Ranch2,_7606,Ranch2_7606
60007,N60007,2017,719,410,6.902228,24,Ranch5,_7606,Ranch5_7606
60008,N60008,2017,800,520,4.064018,17,Ranch2,_7626,Ranch2_7626
60009,N60009,2017,819,390,7.762195,16,Ranch2,_7606,Ranch2_7606
60010,N60010,2017,696,320,4.816622,17,Ranch2,_7626,Ranch2_7626
60011,N60011,2017,829,550,4.107601,16,Ranch2,_7606,Ranch2_7606
60012,N60012,2017,768,420,4.614652,4,Ranch11,_7606,Ranch11_7606
60013,N60013,2017,907,460,4.550872,16,Ranch2,_7606,Ranch2_7606
60014,N60014,2017,808,420,6.099663,17,Ranch2,_7626,Ranch2_7626
60015,N60015,2017,802,590,4.15331,17,Ranch2,_7626,Ranch2_7626
60016,N60016,2017,857,510,,17,Ranch2,_7626,Ranch2_7626
60017,N60017,2017,757,390,6.896913,17,Ranch2,_7626,Ranch2_7626
60018,N60018,2017,851,410,5.277964,5,Ranch12,_7606,Ranch12_7606
60019,N60019,2017,915,420,4.412682,5,Ranch12,_7606,Ranch12_7606
60020,N60020,2017,815,420,5.101506,5,Ranch12,_7606,Ranch12_7606
60021,N60021,2017,685,630,5.812653,6,Ranch12,_7626,Ranch12_7626
60022,N60022,2017,753,390,3.91945,17,Ranch2,_7626,Ranch2_7626
60023,N60023,2017,811,440,4.363784,17,Ranch2,_7626,Ranch2_7626
60024,N60024,2017,888,450,4.511541,16,Ranch2,_7606,Ranch2_7606
60025,N60025,2017,767,420,6.18364,6,Ranch12,_7626,Ranch12_7626
60026,N60026,2017,816,430,6.737463,0,STOFI-StThom,_7606,STOFI-StThom_7606
60027,N60027,2017,753,410,3.612243,17,Ranch2,_7626,Ranch2_7626
60028,N60028,2017,897,680,3.999175,17,Ranch2,_7626,Ranch2_7626
60029,N60029,2017,827,380,5.81159,17,Ranch2,_7626,Ranch2_7626
60030,N60030,2017,901,420,4.409493,24,Ranch5,_7606,Ranch5_7606
60031,N60031,2017,787,420,3.965159,16,Ranch2,_7606,Ranch2_7606
60032,N60032,2017,829,410,6.581202,6,Ranch12,_7626,Ranch12_7626
60033,N60033,2017,808,470,4.371225,17,Ranch2,_7626,Ranch2_7626
60034,N60034,2017,816,460,4.301067,4,Ranch11,_7606,Ranch11_7606
60035,N60035,2017,737,460,5.69466,5,Ranch12,_7606,Ranch12_7606
60036,N60036,2017,878,380,4.200082,17,Ranch2,_7626,Ranch2_7626
60037,N60037,2017,778,360,5.361941,6,Ranch12,_7626,Ranch12_7626
60038,N60038,2017,737,390,5.826472,7,Ranch13,_7096,Ranch13_7096
60039,N60039,2017,696,470,4.817685,7,Ranch13,_7096,Ranch13_7096
60040,N60040,2017,888,430,4.01512,7,Ranch13,_7096,Ranch13_7096
60041,N60041,2017,967,430,4.653983,7,Ranch13,_7096,Ranch13_7096
60042,N60042,2017,726,530,5.651077,7,Ranch13,_7096,Ranch13_7096
60043,N60043,2017,841,420,5.537336,7,Ranch13,_7096,Ranch13_7096
60044,N60044,2017,793,360,4.436068,7,Ranch13,_7096,Ranch13_7096
60045,N60045,2017,725,440,6.952189,7,Ranch13,_7096,Ranch13_7096
60046,N60046,2017,828,430,4.421186,7,Ranch13,_7096,Ranch13_7096
60047,N60047,2017,804,510,4.879339,7,Ranch13,_7096,Ranch13_7096
60048,N60048,2017,860,390,5.455485,7,Ranch13,_7096,Ranch13_7096
60049,N60049,2017,731,340,4.354217,7,Ranch13,_7096,Ranch13_7096
60050,N60050,2017,834,340,6.983016,7,Ranch13,_7096,Ranch13_7096
60051,N60051,2017,749,370,5.735054,7,Ranch13,_7096,Ranch13_7096
60052,N60052,2017,818,350,4.699692,7,Ranch13,_7096,Ranch13_7096
60053,N60053,2017,861,390,5.356626,7,Ranch13,_7096,Ranch13_7096
60054,N60054,2017,786,510,4.750716,24,Ranch5,_7606,Ranch5_7606
60055,N60055,2017,845,420,4.171381,7,Ranch13,_7096,Ranch13_7096
60056,N60056,2017,893,430,4.644416,7,Ranch13,_7096,Ranch13_7096
60057,N60057,2017,917,430,4.627408,7,Ranch13,_7096,Ranch13_7096
60058,N60058,2017,891,410,5.007962,7,Ranch13,_7096,Ranch13_7096
60059,N60059,2017,915,370,5.132333,7,Ranch13,_7096,Ranch13_7096
60060,N60060,2017,831,470,5.98167,7,Ranch13,_7096,Ranch13_7096
60061,N60061,2017,979,420,3.69622,7,Ranch13,_7096,Ranch13_7096
60062,N60062,2017,900,390,4.920796,7,Ranch13,_7096,Ranch13_7096
60063,N60063,2017,771,410,6.702384,7,Ranch13,_7096,Ranch13_7096
60064,N60064,2017,816,410,4.909103,7,Ranch13,_7096,Ranch13_7096
60065,N60065,2017,744,370,4.59977,7,Ranch13,_7096,Ranch13_7096
60066,N60066,2017,743,430,4.677369,7,Ranch13,_7096,Ranch13_7096
60067,N60067,2017,760,410,5.263082,7,Ranch13,_7096,Ranch13_7096
60068,N60068,2017,924,420,3.438974,7,Ranch13,_7096,Ranch13_7096
60069,N60069,2017,782,370,5.22694,7,Ranch13,_7096,Ranch13_7096
60070,N60070,2017,887,380,5.55647,7,Ranch13,_7096,Ranch13_7096
60071,N60071,2017,902,360,5.730802,7,Ranch13,_7096,Ranch13_7096
60072,N60072,2017,877,320,4.113979,7,Ranch13,_7096,Ranch13_7096
60073,N60073,2017,893,430,4.798551,7,Ranch13,_7096,Ranch13_7096
60074,N60074,2017,726,390,4.306382,7,Ranch13,_7096,Ranch13_7096
60075,N60075,2017,901,420,3.938584,7,Ranch13,_7096,Ranch13_7096
60076,N60076,2017,784,410,5.18442,7,Ranch13,_7096,Ranch13_7096
60077,N60077,2017,872,420,5.51395,7,Ranch13,_7096,Ranch13_7096
60078,N60078,2017,838,390,5.539462,7,Ranch13,_7096,Ranch13_7096
60079,N60079,2017,850,360,4.438194,7,Ranch13,_7096,Ranch13_7096
60080,N60080,2017,829,330,6.361161,7,Ranch13,_7096,Ranch13_7096
60081,N60081,2017,773,810,5.735054,7,Ranch13,_7096,Ranch13_7096
60082,N60082,2017,762,510,5.468241,7,Ranch13,_7096,Ranch13_7096
60083,N60083,2017,863,420,6.922425,7,Ranch13,_7096,Ranch13_7096
60084,N60084,2017,758,440,6.023127,7,Ranch13,_7096,Ranch13_7096
60085,N60085,2017,922,460,5.318358,7,Ranch13,_7096,Ranch13_7096
60086,N60086,2017,793,370,4.295752,7,Ranch13,_7096,Ranch13_7096
60087,N60087,2017,730,440,5.87537,7,Ranch13,_7096,Ranch13_7096
60088,N60088,2017,947,340,5.398083,7,Ranch13,_7096,Ranch13_7096
60089,N60089,2017,862,450,5.268397,7,Ranch13,_7096,Ranch13_7096
60090,N60090,2017,792,530,4.803866,7,Ranch13,_7096,Ranch13_7096
60091,N60091,2017,739,440,5.389579,7,Ranch13,_7096,Ranch13_7096
60092,N60092,2017,,470,6.744904,7,Ranch13,_7096,Ranch13_7096
60093,N60093,2017,876,410,4.537053,7,Ranch13,_7096,Ranch13_7096
60094,N60094,2017,799,430,5.777574,7,Ranch13,_7096,Ranch13_7096
60095,N60095,2017,829,390,7.977984,7,Ranch13,_7096,Ranch13_7096
60096,N60096,2017,846,420,5.41828,7,Ranch13,_7096,Ranch13_7096
60097,N60097,2017,790,410,5.644699,7,Ranch13,_7096,Ranch13_7096
60098,N60098,2017,854,420,5.848795,7,Ranch13,_7096,Ranch13_7096
60099,N60099,2017,882,410,4.882528,7,Ranch13,_7096,Ranch13_7096
60100,N60100,2017,822,410,5.600053,7,Ranch13,_7096,Ranch13_7096
60101,N60101,2017,745,390,6.719392,7,Ranch13,_7096,Ranch13_7096
60102,N60102,2017,820,410,4.220279,7,Ranch13,_7096,Ranch13_7096
60103,N60103,2017,833,530,4.952686,7,Ranch13,_7096,Ranch13_7096
60104,N60104,2017,690,390,4.552998,7,Ranch13,_7096,Ranch13_7096
60105,N60105,2017,855,410,5.192924,7,Ranch13,_7096,Ranch13_7096
60106,N60106,2017,727,410,8.402121,7,Ranch13,_7096,Ranch13_7096
60107,N60107,2017,968,410,8.089599,7,Ranch13,_7096,Ranch13_7096
60108,N60108,2017,822,560,5.026033,7,Ranch13,_7096,Ranch13_7096
60109,N60109,2017,830,410,6.136868,7,Ranch13,_7096,Ranch13_7096
60110,N60110,2017,882,510,5.241822,7,Ranch13,_7096,Ranch13_7096
60111,N60111,2017,1048,410,4.783669,7,Ranch13,_7096,Ranch13_7096
60112,N60112,2017,776,420,5.048356,7,Ranch13,_7096,Ranch13_7096
60113,N60113,2017,721,420,6.666242,7,Ranch13,_7096,Ranch13_7096
60114,N60114,2017,819,420,6.225097,7,Ranch13,_7096,Ranch13_7096
70001,N70001,2017,935,470,6.351594,30,STOFI-Bright,_7206FF33,STOFI-Bright_7206FF33
70002,N70002,2017,739,410,4.583825,0,Ranch6,_7206FF33,Ranch6_7206FF33
70003,N70003,2017,776,440,5.121703,0,0,_7206FF33,0_7206FF33
70004,N70004,2017,884,510,5.958284,30,STOFI-Bright,_7206FF33,STOFI-Bright_7206FF33
70005,N70005,2017,861,410,4.042758,30,STOFI-Bright,_7206FF33,STOFI-Bright_7206FF33
70006,N70006,2017,903,530,4.788984,30,STOFI-Bright,_7206FF33,STOFI-Bright_7206FF33
70007,N70007,2017,906,430,,30,STOFI-Bright,_7206FF33,STOFI-Bright_7206FF33
70008,N70008,2017,837,390,4.67418,30,STOFI-Bright,_7206FF33,STOFI-Bright_7206FF33
70009,N70009,2017,938,520,5.259893,30,STOFI-Bright,_7206FF33,STOFI-Bright_7206FF33
70010,N70010,2017,854,470,5.119577,30,STOFI-Bright,_7206FF33,STOFI-Bright_7206FF33
70011,N70011,2017,768,370,5.018592,30,STOFI-Bright,_7206FF33,STOFI-Bright_7206FF33
70012,N70012,2017,901,510,4.286185,30,STOFI-Bright,_7206FF33,STOFI-Bright_7206FF33
70013,N70013,2017,807,360,4.137365,30,STOFI-Bright,_7206FF33,STOFI-Bright_7206FF33
70014,N70014,2017,811,480,5.020718,30,STOFI-Bright,_7206FF33,STOFI-Bright_7206FF33
70015,N70015,2017,921,470,6.080529,30,STOFI-Bright,_7206FF33,STOFI-Bright_7206FF33
70016,N70016,2017,737,390,5.352374,30,STOFI-Bright,_7206FF33,STOFI-Bright_7206FF33
70017,N70017,2017,803,420,5.349185,30,STOFI-Bright,_7206FF33,STOFI-Bright_7206FF33
70018,N70018,2017,809,420,4.498785,30,STOFI-Bright,_7206FF33,STOFI-Bright_7206FF33
70019,N70019,2017,775,410,6.280373,30,STOFI-Bright,_7206FF33,STOFI-Bright_7206FF33
70020,N70020,2017,799,410,4.081026,30,STOFI-Bright,_7206FF33,STOFI-Bright_7206FF33
70021,N70021,2017,846,510,4.771976,30,STOFI-Bright,_7206FF33,STOFI-Bright_7206FF33
70022,N70022,2017,881,410,4.324453,30,STOFI-Bright,_7206FF33,STOFI-Bright_7206FF33
70023,N70023,2017,849,410,5.139774,30,STOFI-Bright,_7206FF33,STOFI-Bright_7206FF33
70024,N70024,2017,917,550,5.217373,30,STOFI-Bright,_7206FF33,STOFI-Bright_7206FF33
70025,N70025,2017,922,430,4.315949,30,STOFI-Bright,_7206FF33,STOFI-Bright_7206FF33
70026,N70026,2017,815,420,4.763472,30,STOFI-Bright,_7206FF33,STOFI-Bright_7206FF33
70027,N70027,2017,,560,4.179885,30,STOFI-Bright,_7206FF33,STOFI-Bright_7206FF33
70028,N70028,2017,812,390,5.355563,30,STOFI-Bright,_7206FF33,STOFI-Bright_7206FF33
70029,N70029,2017,966,420,3.980041,30,STOFI-Bright,_7206FF33,STOFI-Bright_7206FF33
70030,N70030,2017,820,490,5.558596,30,STOFI-Bright,_7206FF33,STOFI-Bright_7206FF33
70031,N70031,2017,830,440,4.159688,30,STOFI-Bright,_7206FF33,STOFI-Bright_7206FF33
70032,N70032,2017,757,490,4.904851,30,STOFI-Bright,_7206FF33,STOFI-Bright_7206FF33
70033,N70033,2017,716,370,4.534927,30,STOFI-Bright,_7206FF33,STOFI-Bright_7206FF33
70034,N70034,2017,838,610,4.7167,30,STOFI-Bright,_7206FF33,STOFI-Bright_7206FF33
70035,N70035,2017,729,420,5.693597,0,Ranch6,_7206FF33,Ranch6_7206FF33
70036,N70036,2017,951,420,6.899039,0,STOFI-Miccos,_7166F5,STOFI-Miccos_7166F5
70037,N70037,2017,862,440,4.717763,30,STOFI-Bright,_7206FF33,STOFI-Bright_7206FF33
70038,N70038,2017,878,420,4.389296,30,STOFI-Bright,_7206FF33,STOFI-Bright_7206FF33
70039,N70039,2017,936,380,5.744621,0,STOFI-Miccos,_7166F5,STOFI-Miccos_7166F5
70040,N70040,2017,905,370,5.189735,30,STOFI-Bright,_7206FF33,STOFI-Bright_7206FF33
70041,N70041,2017,764,390,9.297167,30,STOFI-Bright,_7206FF33,STOFI-Bright_7206FF33
70042,N70042,2017,902,410,6.892661,30,STOFI-Bright,_7206FF33,STOFI-Bright_7206FF33
70043,N70043,2017,880,370,7.836605,30,STOFI-Bright,_7206FF33,STOFI-Bright_7206FF33
70044,N70044,2017,910,490,5.518202,30,STOFI-Bright,_7206FF33,STOFI-Bright_7206FF33
70045,N70045,2017,784,380,6.873527,30,STOFI-Bright,_7206FF33,STOFI-Bright_7206FF33
70046,N70046,2017,738,410,5.134459,30,STOFI-Bright,_7206FF33,STOFI-Bright_7206FF33
70047,N70047,2017,774,410,7.221128,30,STOFI-Bright,_7206FF33,STOFI-Bright_7206FF33
70048,N70048,2017,836,440,5.881748,0,STOFI-Miccos,_7206FF33,STOFI-Miccos_7206FF33
70049,N70049,2017,768,520,4.415871,30,STOFI-Bright,_7206FF33,STOFI-Bright_7206FF33
70050,N70050,2017,778,390,4.828315,30,STOFI-Bright,_7206FF33,STOFI-Bright_7206FF33
70051,N70051,2017,842,490,4.194767,30,STOFI-Bright,_7206FF33,STOFI-Bright_7206FF33
70052,N70052,2017,817,390,5.766944,30,STOFI-Bright,_7206FF33,STOFI-Bright_7206FF33
70053,N70053,2017,891,410,5.444855,0,Ranch6,_7206FF33,Ranch6_7206FF33
70054,N70054,2017,751,430,5.819031,30,STOFI-Bright,_7206FF33,STOFI-Bright_7206FF33
70055,N70055,2017,873,380,5.868992,0,0,_7206FF33,0_7206FF33
70056,N70056,2017,800,420,4.362721,30,STOFI-Bright,_7206FF33,STOFI-Bright_7206FF33
70057,N70057,2017,775,430,4.777291,30,STOFI-Bright,_7206FF33,STOFI-Bright_7206FF33
70058,N70058,2017,902,420,4.915481,30,STOFI-Bright,_7206FF33,STOFI-Bright_7206FF33
70059,N70059,2017,756,430,4.455202,30,STOFI-Bright,_7206FF33,STOFI-Bright_7206FF33
70060,N70060,2017,812,460,4.756031,30,STOFI-Bright,_7206FF33,STOFI-Bright_7206FF33
70061,N70061,2017,917,720,4.996269,30,STOFI-Bright,_7206FF33,STOFI-Bright_7206FF33
70062,N70062,2017,805,390,6.033757,30,STOFI-Bright,_7206FF33,STOFI-Bright_7206FF33
70063,N70063,2017,798,380,5.350248,30,STOFI-Bright,_7206FF33,STOFI-Bright_7206FF33
70064,N70064,2017,780,360,6.298444,30,STOFI-Bright,_7206FF33,STOFI-Bright_7206FF33
70065,N70065,2017,894,520,4.19583,30,STOFI-Bright,_7206FF33,STOFI-Bright_7206FF33
70066,N70066,2017,980,480,4.488155,30,STOFI-Bright,_7206FF33,STOFI-Bright_7206FF33
70067,N70067,2017,792,470,4.343587,30,STOFI-Bright,_7206FF33,STOFI-Bright_7206FF33
70068,N70068,2017,748,370,4.417997,30,STOFI-Bright,_7206FF33,STOFI-Bright_7206FF33
70069,N70069,2017,876,490,6.743841,30,STOFI-Bright,_7206FF33,STOFI-Bright_7206FF33
70070,N70070,2017,773,420,5.64151,30,STOFI-Bright,_7206FF33,STOFI-Bright_7206FF33
70071,N70071,2017,,380,4.293626,30,STOFI-Bright,_7206FF33,STOFI-Bright_7206FF33
70072,N70072,2017,833,460,5.794582,30,STOFI-Bright,_7206FF33,STOFI-Bright_7206FF33
70073,N70073,2017,754,410,5.762692,30,STOFI-Bright,_7206FF33,STOFI-Bright_7206FF33
70074,N70074,2017,843,410,5.219499,30,STOFI-Bright,_7206FF33,STOFI-Bright_7206FF33
80001,N80001,2017,684,330,6.016749,0,STOFI-Miccos,_7166F5,STOFI-Miccos_7166F5
80002,N80002,2017,821,470,4.830441,27,STOFI-BigCyp,_7067,STOFI-BigCyp_7067
80003,N80003,2017,774,360,5.795645,27,STOFI-BigCyp,_7067,STOFI-BigCyp_7067
80004,N80004,2017,743,490,4.823,0,STOFI-Miccos,_7166F5,STOFI-Miccos_7166F5
80005,N80005,2017,825,410,3.485746,27,STOFI-BigCyp,_7067,STOFI-BigCyp_7067
80006,N80006,2017,810,390,3.858859,27,STOFI-BigCyp,_7067,STOFI-BigCyp_7067
80007,N80007,2017,736,510,5.26946,0,STOFI-Miccos,_7007F5,STOFI-Miccos_7007F5
80008,N80008,2017,873,390,4.177759,27,STOFI-BigCyp,_7067,STOFI-BigCyp_7067
80009,N80009,2017,880,530,5.168475,27,STOFI-BigCyp,_7067,STOFI-BigCyp_7067
80010,N80010,2017,851,410,4.635912,27,STOFI-BigCyp,_7067,STOFI-BigCyp_7067
80011,N80011,2017,887,380,4.082089,27,STOFI-BigCyp,_7067,STOFI-BigCyp_7067
80012,N80012,2017,827,390,4.885717,27,STOFI-BigCyp,_7067,STOFI-BigCyp_7067
80013,N80013,2017,737,430,5.108947,0,STOFI-Miccos,_7166F5,STOFI-Miccos_7166F5
80014,N80014,2017,855,470,4.06827,27,STOFI-BigCyp,_7067,STOFI-BigCyp_7067
80015,N80015,2017,904,490,4.324453,27,STOFI-BigCyp,_7067,STOFI-BigCyp_7067
80016,N80016,2017,858,610,4.473273,27,STOFI-BigCyp,_7067,STOFI-BigCyp_7067
80017,N80017,2017,912,490,5.023907,27,STOFI-BigCyp,_7067,STOFI-BigCyp_7067
80018,N80018,2017,1114,420,5.826472,27,STOFI-BigCyp,_7067,STOFI-BigCyp_7067
80019,N80019,2017,1075,520,5.942339,27,STOFI-BigCyp,_7067,STOFI-BigCyp_7067
80020,N80020,2017,910,420,6.099663,27,STOFI-BigCyp,_7067,STOFI-BigCyp_7067
80021,N80021,2017,832,390,4.749653,27,STOFI-BigCyp,_7067,STOFI-BigCyp_7067
80022,N80022,2017,832,490,6.34309,27,STOFI-BigCyp,_7067,STOFI-BigCyp_7067
80023,N80023,2017,912,410,5.140837,27,STOFI-BigCyp,_7067,STOFI-BigCyp_7067
80024,N80024,2017,890,390,4.433942,27,STOFI-BigCyp,_7067,STOFI-BigCyp_7067
80025,N80025,2017,897,410,7.109513,27,STOFI-BigCyp,_7067,STOFI-BigCyp_7067
80026,N80026,2017,772,510,6.369665,27,STOFI-BigCyp,_7067,STOFI-BigCyp_7067
80027,N80027,2017,872,420,5.130207,27,STOFI-BigCyp,_7067,STOFI-BigCyp_7067
80028,N80028,2017,872,420,4.837882,27,STOFI-BigCyp,_7067,STOFI-BigCyp_7067
80029,N80029,2017,716,430,5.991237,27,STOFI-BigCyp,_7067,STOFI-BigCyp_7067
80030,N80030,2017,770,460,5.3545,30,STOFI-Bright,_7206FF33,STOFI-Bright_7206FF33
80031,N80031,2017,737,470,5.611746,30,STOFI-Bright,_7206FF33,STOFI-Bright_7206FF33
80032,N80032,2017,845,380,5.284342,30,STOFI-Bright,_7206FF33,STOFI-Bright_7206FF33
80033,N80033,2017,832,390,5.022844,27,STOFI-BigCyp,_7067,STOFI-BigCyp_7067
80034,N80034,2017,,480,4.984576,30,STOFI-Bright,_7206FF33,STOFI-Bright_7206FF33
80035,N80035,2017,742,410,4.235161,30,STOFI-Bright,_7206FF33,STOFI-Bright_7206FF33
80036,N80036,2017,783,520,5.816905,30,STOFI-Bright,_7206FF33,STOFI-Bright_7206FF33
80037,N80037,2017,931,520,4.720952,30,STOFI-Bright,_7206FF33,STOFI-Bright_7206FF33
80038,N80038,2017,872,510,4.501974,30,STOFI-Bright,_7206FF33,STOFI-Bright_7206FF33
80039,N80039,2017,920,810,4.183074,30,STOFI-Bright,_7206FF33,STOFI-Bright_7206FF33
80040,N80040,2017,886,510,6.216593,30,STOFI-Bright,_7206FF33,STOFI-Bright_7206FF33
80041,N80041,2017,786,470,4.80174,30,STOFI-Bright,_7206FF33,STOFI-Bright_7206FF33
80042,N80042,2017,783,610,4.005553,30,STOFI-Bright,_7206FF33,STOFI-Bright_7206FF33
80043,N80043,2017,790,390,4.883591,30,STOFI-Bright,_7206FF33,STOFI-Bright_7206FF33
80044,N80044,2017,895,510,4.869772,27,STOFI-BigCyp,_7067,STOFI-BigCyp_7067
80045,N80045,2017,910,520,4.489218,30,STOFI-Bright,_7206FF33,STOFI-Bright_7206FF33
80046,N80046,2017,817,660,5.84348,30,STOFI-Bright,_7206FF33,STOFI-Bright_7206FF33
80047,N80047,2017,711,430,4.735834,30,STOFI-Bright,_7206FF33,STOFI-Bright_7206FF33
80048,N80048,2017,854,430,4.479651,30,STOFI-Bright,_7206FF33,STOFI-Bright_7206FF33
80049,N80049,2017,940,370,5.976355,27,STOFI-BigCyp,_7067,STOFI-BigCyp_7067
80050,N80050,2017,755,580,3.967285,27,STOFI-BigCyp,_7067,STOFI-BigCyp_7067
80051,N80051,2017,786,540,4.507289,30,STOFI-Bright,_7206FF33,STOFI-Bright_7206FF33
80052,N80052,2017,774,420,5.203554,30,STOFI-Bright,_7206FF33,STOFI-Bright_7206FF33
80053,N80053,2017,661,430,5.561785,0,Ranch6,_7206FF33,Ranch6_7206FF33
80054,N80054,2017,824,420,4.88678,27,STOFI-BigCyp,_7067,STOFI-BigCyp_7067
80055,N80055,2017,1083,550,4.530675,27,STOFI-BigCyp,_7067,STOFI-BigCyp_7067
80056,N80056,2017,763,430,5.91789,0,STOFI-Miccos,_7007F5,STOFI-Miccos_7007F5
80057,N80057,2017,767,420,4.575321,30,STOFI-Bright,_7206FF33,STOFI-Bright_7206FF33
80058,N80058,2017,752,460,6.883094,30,STOFI-Bright,_7206FF33,STOFI-Bright_7206FF33
80059,N80059,2017,772,380,5.437414,30,STOFI-Bright,_7206FF33,STOFI-Bright_7206FF33
80060,N80060,2017,818,420,4.022561,30,STOFI-Bright,_7206FF33,STOFI-Bright_7206FF33
80061,N80061,2017,753,410,5.909386,30,STOFI-Bright,_7206FF33,STOFI-Bright_7206FF33
80062,N80062,2017,810,440,4.31276,30,STOFI-Bright,_7206FF33,STOFI-Bright_7206FF33
80063,N80063,2017,709,520,4.317012,30,STOFI-Bright,_7206FF33,STOFI-Bright_7206FF33
80064,N80064,2017,873,520,4.188389,30,STOFI-Bright,_7206FF33,STOFI-Bright_7206FF33
80065,N80065,2017,770,420,4.95056,30,STOFI-Bright,_7206FF33,STOFI-Bright_7206FF33
80066,N80066,2017,865,490,4.91867,30,STOFI-Bright,_7206FF33,STOFI-Bright_7206FF33
80067,N80067,2017,874,520,4.235161,30,STOFI-Bright,_7206FF33,STOFI-Bright_7206FF33
80068,N80068,2017,921,550,5.989111,30,STOFI-Bright,_7206FF33,STOFI-Bright_7206FF33
80069,N80069,2017,739,570,4.278744,30,STOFI-Bright,_7206FF33,STOFI-Bright_7206FF33
80070,N80070,2017,840,430,4.364847,30,STOFI-Bright,_7206FF33,STOFI-Bright_7206FF33
80071,N80071,2017,901,420,5.554344,30,STOFI-Bright,_7206FF33,STOFI-Bright_7206FF33
80072,N80072,2017,911,530,4.543431,30,STOFI-Bright,_7206FF33,STOFI-Bright_7206FF33
80073,N80073,2017,680,420,7.830227,0,STOFI-Miccos,_7007F5,STOFI-Miccos_7007F5
80074,N80074,2017,812,410,4.47221,29,STOFI-Bright,_7206F33,STOFI-Bright_7206F33
80075,N80075,2017,896,430,3.549526,29,STOFI-Bright,_7206F33,STOFI-Bright_7206F33
80076,N80076,2017,861,450,4.077837,29,STOFI-Bright,_7206F33,STOFI-Bright_7206F33
80077,N80077,2017,789,430,4.309571,29,STOFI-Bright,_7206F33,STOFI-Bright_7206F33
80078,N80078,2017,869,390,6.410059,27,STOFI-BigCyp,_7067,STOFI-BigCyp_7067
80079,N80079,2017,956,480,4.878276,27,STOFI-BigCyp,_7067,STOFI-BigCyp_7067
80080,N80080,2017,867,540,4.237287,29,STOFI-Bright,_7206F33,STOFI-Bright_7206F33
80081,N80081,2017,709,470,5.043041,27,STOFI-BigCyp,_7067,STOFI-BigCyp_7067
80082,N80082,2017,867,390,5.16316,29,STOFI-Bright,_7206F33,STOFI-Bright_7206F33
80083,N80083,2017,762,390,4.860205,0,Ranch6,_7206F33,Ranch6_7206F33
80084,N80084,2017,775,510,5.493753,27,STOFI-BigCyp,_7067,STOFI-BigCyp_7067
80085,N80085,2017,806,430,5.994426,29,STOFI-Bright,_7206F33,STOFI-Bright_7206F33
80086,N80086,2017,748,410,4.445635,29,STOFI-Bright,_7206F33,STOFI-Bright_7206F33
80087,N80087,2017,861,380,4.193704,29,STOFI-Bright,_7206F33,STOFI-Bright_7206F33
80088,N80088,2017,764,520,4.708196,29,STOFI-Bright,_7206F33,STOFI-Bright_7206F33
80089,N80089,2017,733,430,7.787707,0,STOFI-Miccos,_7007F5,STOFI-Miccos_7007F5
80090,N80090,2017,910,460,4.87615,27,STOFI-BigCyp,_7067,STOFI-BigCyp_7067
80091,N80091,2017,813,450,4.90804,29,STOFI-Bright,_7206F33,STOFI-Bright_7206F33
80092,N80092,2017,810,430,3.995986,29,STOFI-Bright,_7206F33,STOFI-Bright_7206F33
80093,N80093,2017,934,420,4.538116,27,STOFI-BigCyp,_7067,STOFI-BigCyp_7067
80094,N80094,2017,832,390,4.156499,27,STOFI-BigCyp,_7067,STOFI-BigCyp_7067
80095,N80095,2017,849,460,5.411902,27,STOFI-BigCyp,_7067,STOFI-BigCyp_7067
80096,N80096,2017,748,390,6.153876,29,STOFI-Bright,_7206F33,STOFI-Bright_7206F33
80097,N80097,2017,834,420,4.825126,29,STOFI-Bright,_7206F33,STOFI-Bright_7206F33
80098,N80098,2017,892,470,4.33402,27,STOFI-BigCyp,_7067,STOFI-BigCyp_7067
80099,N80099,2017,825,410,5.623439,27,STOFI-BigCyp,_7067,STOFI-BigCyp_7067
80100,N80100,2017,823,520,4.528549,27,STOFI-BigCyp,_7067,STOFI-BigCyp_7067
80101,N80101,2017,903,470,5.748873,29,STOFI-Bright,_7206F33,STOFI-Bright_7206F33
80102,N80102,2017,828,490,4.700755,27,STOFI-BigCyp,_7067,STOFI-BigCyp_7067
80103,N80103,2017,780,370,4.641227,0,Ranch6,_7206F33,Ranch6_7206F33
80104,N80104,2017,938,530,5.070679,27,STOFI-BigCyp,_7067,STOFI-BigCyp_7067
80105,N80105,2017,900,510,4.465832,27,STOFI-BigCyp,_7067,STOFI-BigCyp_7067
80106,N80106,2017,875,420,4.554061,29,STOFI-Bright,_7206F33,STOFI-Bright_7206F33
80107,N80107,2017,920,530,5.146152,27,STOFI-BigCyp,_7067,STOFI-BigCyp_7067
80108,N80108,2017,976,410,4.476462,27,STOFI-BigCyp,_7067,STOFI-BigCyp_7067
80109,N80109,2017,911,430,4.260673,30,STOFI-Bright,_7206FF33,STOFI-Bright_7206FF33
80110,N80110,2017,924,490,4.685873,30,STOFI-Bright,_7206FF33,STOFI-Bright_7206FF33
80111,N80111,2017,738,430,5.515013,27,STOFI-BigCyp,_7067,STOFI-BigCyp_7067
90001,N90001,2017,785,430,6.094348,27,STOFI-BigCyp,_7067,STOFI-BigCyp_7067
90002,N90002,2017,654,450,4.171381,31,STOFI-Miccos,_7067,STOFI-Miccos_7067
90004,N90004,2017,800,520,3.854607,27,STOFI-BigCyp,_7067,STOFI-BigCyp_7067
90005,N90005,2017,850,540,5.318358,27,STOFI-BigCyp,_7067,STOFI-BigCyp_7067
90006,N90006,2017,875,390,4.455202,27,STOFI-BigCyp,_7067,STOFI-BigCyp_7067
90007,N90007,2017,806,510,,27,STOFI-BigCyp,_7067,STOFI-BigCyp_7067
90008,N90008,2017,830,490,4.537053,27,STOFI-BigCyp,_7067,STOFI-BigCyp_7067
90009,N90009,2017,750,430,6.315452,27,STOFI-BigCyp,_7067,STOFI-BigCyp_7067
90010,N90010,2017,953,420,4.347839,31,STOFI-Miccos,_7067,STOFI-Miccos_7067
90011,N90011,2017,825,420,6.314389,27,STOFI-BigCyp,_7067,STOFI-BigCyp_7067
90012,N90012,2017,881,430,6.10923,27,STOFI-BigCyp,_7067,STOFI-BigCyp_7067
90013,N90013,2017,753,480,,27,STOFI-BigCyp,_7067,STOFI-BigCyp_7067
90014,N90014,2017,763,480,5.326862,27,STOFI-BigCyp,_7067,STOFI-BigCyp_7067
90015,N90015,2017,735,510,,27,STOFI-BigCyp,_7067,STOFI-BigCyp_7067
90016,N90016,2017,831,420,4.403115,27,STOFI-BigCyp,_7067,STOFI-BigCyp_7067
90017,N90017,2017,763,430,4.707133,31,STOFI-Miccos,_7067,STOFI-Miccos_7067
90018,N90018,2017,944,370,4.949497,27,STOFI-BigCyp,_7067,STOFI-BigCyp_7067
90019,N90019,2017,830,370,5.688282,27,STOFI-BigCyp,_7067,STOFI-BigCyp_7067
90020,N90020,2017,842,590,,27,STOFI-BigCyp,_7067,STOFI-BigCyp_7067
90021,N90021,2017,809,410,5.520328,27,STOFI-BigCyp,_7067,STOFI-BigCyp_7067
90022,N90022,2017,878,420,4.391422,27,STOFI-BigCyp,_7067,STOFI-BigCyp_7067
90023,N90023,2017,800,510,4.250043,27,STOFI-BigCyp,_7067,STOFI-BigCyp_7067
90024,N90024,2017,700,520,4.488155,31,STOFI-Miccos,_7067,STOFI-Miccos_7067
90025,N90025,2017,637,370,6.54506,27,STOFI-BigCyp,_7067,STOFI-BigCyp_7067
90026,N90026,2017,887,380,5.281153,27,STOFI-BigCyp,_7067,STOFI-BigCyp_7067
90027,N90027,2017,803,490,4.47221,27,STOFI-BigCyp,_7067,STOFI-BigCyp_7067
90028,N90028,2017,814,380,4.765598,27,STOFI-BigCyp,_7067,STOFI-BigCyp_7067
90029,N90029,2017,849,520,,27,STOFI-BigCyp,_7067,STOFI-BigCyp_7067
90030,N90030,2017,695,510,5.994426,31,STOFI-Miccos,_7067,STOFI-Miccos_7067
90031,N90031,,,,4.741149,0,0,0,00
90032,N90032,,,,6.154939,0,0,0,00
90033,N90033,2017,,410,5.274775,27,STOFI-BigCyp,_7067,STOFI-BigCyp_7067
90034,N90034,2017,,490,5.374697,27,STOFI-BigCyp,_7067,STOFI-BigCyp_7067
90035,N90035,2017,,430,4.964379,27,STOFI-BigCyp,_7067,STOFI-BigCyp_7067
90036,N90036,2017,821,410,6.033757,31,STOFI-Miccos,_7067,STOFI-Miccos_7067
90037,N90037,2017,706,410,5.133396,27,STOFI-BigCyp,_7067,STOFI-BigCyp_7067
90038,N90038,2017,963,510,5.000521,27,STOFI-BigCyp,_7067,STOFI-BigCyp_7067
90039,N90039,2017,767,550,6.605651,27,STOFI-BigCyp,_7067,STOFI-BigCyp_7067
90040,N90040,2017,793,510,,31,STOFI-Miccos,_7067,STOFI-Miccos_7067
90041,N90041,2017,732,420,5.057923,31,STOFI-Miccos,_7067,STOFI-Miccos_7067
90042,N90042,2017,742,470,4.229846,27,STOFI-BigCyp,_7067,STOFI-BigCyp_7067
90043,N90043,2017,738,380,7.614438,27,STOFI-BigCyp,_7067,STOFI-BigCyp_7067
90044,N90044,2017,738,480,4.65292,27,STOFI-BigCyp,_7067,STOFI-BigCyp_7067
90045,N90045,2017,887,430,4.028939,27,STOFI-BigCyp,_7067,STOFI-BigCyp_7067
90046,N90046,2017,825,440,4.606148,27,STOFI-BigCyp,_7067,STOFI-BigCyp_7067
90047,N90047,2017,739,420,6.516359,27,STOFI-BigCyp,_7067,STOFI-BigCyp_7067
90048,N90048,,,,3.935395,0,0,0,00
90049,N90049,2017,766,520,4.423312,27,STOFI-BigCyp,_7067,STOFI-BigCyp_7067
90050,N90050,2017,957,390,7.721801,27,STOFI-BigCyp,_7067,STOFI-BigCyp_7067
90051,N90051,2017,,450,4.887843,27,STOFI-BigCyp,_7067,STOFI-BigCyp_7067
90052,N90052,2017,839,410,6.363287,27,STOFI-BigCyp,_7067,STOFI-BigCyp_7067
90053,N90053,2017,768,430,5.310917,31,STOFI-Miccos,_7067,STOFI-Miccos_7067
90054,N90054,2017,852,410,6.031631,27,STOFI-BigCyp,_7067,STOFI-BigCyp_7067
90055,N90055,2017,799,430,5.21631,27,STOFI-BigCyp,_7067,STOFI-BigCyp_7067
90056,N90056,2017,883,370,5.289657,27,STOFI-BigCyp,_7067,STOFI-BigCyp_7067
90057,N90057,2017,724,430,5.480997,27,STOFI-BigCyp,_7067,STOFI-BigCyp_7067
90058,N90058,2017,792,450,4.935678,27,STOFI-BigCyp,_7067,STOFI-BigCyp_7067
90059,N90059,2017,729,540,4.21709,31,STOFI-Miccos,_7067,STOFI-Miccos_7067
90060,N90060,2017,857,510,4.511541,27,STOFI-BigCyp,_7067,STOFI-BigCyp_7067
90061,N90061,2017,763,370,7.149907,27,STOFI-BigCyp,_7067,STOFI-BigCyp_7067
90062,N90062,2017,773,430,5.517139,27,STOFI-BigCyp,_7067,STOFI-BigCyp_7067
90063,N90063,2017,836,440,5.061112,27,STOFI-BigCyp,_7067,STOFI-BigCyp_7067
110001,N11001,2017,839,420,4.563628,20,Ranch4,_7077,Ranch4_7077
110002,N11002,2017,793,420,4.807055,27,STOFI-BigCyp,_7067,STOFI-BigCyp_7067
110003,N11003,2017,678,360,5.176979,20,Ranch4,_7077,Ranch4_7077
110004,N11004,2017,691,420,4.88678,18,Ranch3,_7077,Ranch3_7077
110005,N11005,2017,757,520,5.68403,18,Ranch3,_7077,Ranch3_7077
110006,N11006,2017,574,410,5.863677,20,Ranch4,_7077,Ranch4_7077
110007,N11007,2017,815,490,4.067207,26,Ranch8,_7077,Ranch8_7077
110008,N11008,2017,741,390,5.053671,20,Ranch4,_7077,Ranch4_7077
110009,N11009,2017,739,380,5.668085,20,Ranch4,_7077,Ranch4_7077
110010,N11010,2017,773,410,5.623439,26,Ranch8,_7077,Ranch8_7077
110011,N11011,2017,856,440,5.018592,20,Ranch4,_7077,Ranch4_7077
110012,N11012,2017,769,510,4.25961,18,Ranch3,_7077,Ranch3_7077
110013,N11013,2017,738,390,4.67418,26,Ranch8,_7077,Ranch8_7077
110014,N11014,2017,704,370,5.462926,20,Ranch4,_7077,Ranch4_7077
110015,N11015,2017,622,330,8.196962,20,Ranch4,_7077,Ranch4_7077
110016,N11016,2017,699,340,6.346279,26,Ranch8,_7077,Ranch8_7077
110017,N11017,2017,750,370,5.466115,26,Ranch8,_7077,Ranch8_7077
110018,N11018,2017,567,380,6.078403,0,STOFI-Miccos,_7077,STOFI-Miccos_7077
110019,N11019,2017,833,510,4.254295,31,STOFI-Miccos,_7067,STOFI-Miccos_7067
110020,N11020,2017,774,360,5.391705,20,Ranch4,_7077,Ranch4_7077
110021,N11021,2017,705,410,6.05608,18,Ranch3,_7077,Ranch3_7077
110022,N11022,2017,889,490,4.703944,20,Ranch4,_7077,Ranch4_7077
110023,N11023,2017,704,410,4.920796,18,Ranch3,_7077,Ranch3_7077
110024,N11024,2017,754,410,5.884937,26,Ranch8,_7077,Ranch8_7077
110025,N11025,2017,854,450,4.242602,18,Ranch3,_7077,Ranch3_7077
110026,N11026,2017,858,420,5.010088,26,Ranch8,_7077,Ranch8_7077
110027,N11027,2017,675,370,5.600053,20,Ranch4,_7077,Ranch4_7077
110028,N11028,2017,,440,5.45017,27,STOFI-BigCyp,_7067,STOFI-BigCyp_7067
110029,N11029,2017,649,430,4.250043,20,Ranch4,_7077,Ranch4_7077
110030,N11030,2017,759,410,6.687502,20,Ranch4,_7077,Ranch4_7077
110031,N11031,2017,767,390,4.670991,20,Ranch4,_7077,Ranch4_7077
110032,N11032,2017,668,360,6.140057,18,Ranch3,_7077,Ranch3_7077
110033,N11033,2017,667,330,5.360878,26,Ranch8,_7077,Ranch8_7077
110034,N11034,2017,888,510,4.914418,20,Ranch4,_7077,Ranch4_7077
110035,N11035,2017,844,380,6.276121,20,Ranch4,_7077,Ranch4_7077
110036,N11036,2017,816,380,4.552998,20,Ranch4,_7077,Ranch4_7077
110037,N11037,2017,776,380,5.408713,18,Ranch3,_7077,Ranch3_7077
110038,N11038,2017,731,380,6.889472,26,Ranch8,_7077,Ranch8_7077
110039,N11039,2017,745,430,4.698629,27,STOFI-BigCyp,_7067,STOFI-BigCyp_7067
110040,N11040,2017,682,380,5.363004,20,Ranch4,_7077,Ranch4_7077
110041,N11041,2017,754,370,4.139491,20,Ranch4,_7077,Ranch4_7077
110042,N11042,2017,691,490,5.462926,20,Ranch4,_7077,Ranch4_7077
110043,N11043,2017,713,410,5.39702,18,Ranch3,_7077,Ranch3_7077
110044,N11044,2017,717,550,5.446981,20,Ranch4,_7077,Ranch4_7077
110045,N11045,2017,630,370,4.44032,18,Ranch3,_7077,Ranch3_7077
110046,N11046,2017,714,380,6.616281,18,Ranch3,_7077,Ranch3_7077
110047,N11047,2017,714,370,4.398863,26,Ranch8,_7077,Ranch8_7077
110048,N11048,2017,606,360,4.987765,20,Ranch4,_7077,Ranch4_7077
110049,N11049,2017,802,390,5.284342,26,Ranch8,_7077,Ranch8_7077
110050,N11050,2017,694,410,4.843197,26,Ranch8,_7077,Ranch8_7077
110051,N11051,2017,841,490,3.864174,18,Ranch3,_7077,Ranch3_7077
110052,N11052,2017,702,340,4.559376,26,Ranch8,_7077,Ranch8_7077
110053,N11053,2017,733,430,4.55725,26,Ranch8,_7077,Ranch8_7077
110054,N11054,2017,768,520,4.194767,20,Ranch4,_7077,Ranch4_7077
110055,N11055,2017,845,490,4.830441,26,Ranch8,_7077,Ranch8_7077
110056,N11056,2017,893,410,4.675243,18,Ranch3,_7077,Ranch3_7077
110057,N11057,2017,652,340,4.763472,18,Ranch3,_7077,Ranch3_7077
110058,N11058,2017,627,410,6.818251,20,Ranch4,_7077,Ranch4_7077
110059,N11059,2017,795,320,4.393548,26,Ranch8,_7077,Ranch8_7077
110060,N11060,2017,724,370,6.015686,18,Ranch3,_7077,Ranch3_7077
110061,N11061,2017,728,410,5.411902,20,Ranch4,_7077,Ranch4_7077
110062,N11062,2017,940,410,4.353154,27,STOFI-BigCyp,_7067,STOFI-BigCyp_7067
110063,N11063,2017,773,510,4.734771,31,STOFI-Miccos,_7067,STOFI-Miccos_7067
110064,N11064,2017,709,330,4.592329,20,Ranch4,_7077,Ranch4_7077
110065,N11065,2017,858,430,4.952686,27,STOFI-BigCyp,_7067,STOFI-BigCyp_7067
110066,N11066,2017,859,410,4.767724,26,Ranch8,_7077,Ranch8_7077
110067,N11067,2017,657,510,5.663833,20,Ranch4,_7077,Ranch4_7077
110068,N11068,2017,726,420,5.961473,26,Ranch8,_7077,Ranch8_7077
110069,N11069,2017,714,370,4.896347,20,Ranch4,_7077,Ranch4_7077
110070,N11070,2017,778,440,5.178042,18,Ranch3,_7077,Ranch3_7077
110071,N11071,2017,559,320,4.22772,18,Ranch3,_7077,Ranch3_7077
110072,N11072,2017,,320,5.723361,20,Ranch4,_7077,Ranch4_7077
110073,N11073,2017,,440,5.158908,26,Ranch8,_7077,Ranch8_7077
110074,N11074,2017,,510,6.403681,26,Ranch8,_7077,Ranch8_7077
110075,N11075,2017,,320,5.236507,20,Ranch4,_7077,Ranch4_7077
110076,N11076,2017,809,390,4.628471,26,Ranch8,_7077,Ranch8_7077
110077,N11077,2017,728,430,5.667022,26,Ranch8,_7077,Ranch8_7077
