UFID_Corrected,YEAR,hcw,CG,Ranch,LOT,RanchLOT,PC1,PC2
1450,2016,823,10,Ranch16,_7145,Ranch16_7145,-0.000620287,-0.0298395
1490,2016,745,10,Ranch16,_7145,Ranch16_7145,0.00894044,-0.0461348
1492,2016,669,10,Ranch16,_7145,Ranch16_7145,-0.00529245,0.0457205
1495,2016,771,10,Ranch16,_7145,Ranch16_7145,-0.00380138,0.0203111
1528,2016,674,10,Ranch16,_7145,Ranch16_7145,-0.00941483,0.0344801
1529,2016,810,10,Ranch16,_7145,Ranch16_7145,0.00517338,-0.0273645
1535,2016,853,10,Ranch16,_7145,Ranch16_7145,0.009579,-0.0142663
1538,2016,886,10,Ranch16,_7145,Ranch16_7145,-0.00450485,-0.0425075
1547,2016,795,10,Ranch16,_7145,Ranch16_7145,-0.00623855,-0.0377778
1548,2016,793,10,Ranch16,_7145,Ranch16_7145,-0.00286179,0.0319551
1557,2016,852,10,Ranch16,_7145,Ranch16_7145,-0.00605402,-0.0265304
1558,2016,757,10,Ranch16,_7145,Ranch16_7145,-0.00302553,0.0480691
1653,2016,732,21,Ranch4,_7375,Ranch4_7375,0.014054,-0.0476521
1675,2016,757,21,Ranch4,_7375,Ranch4_7375,-0.00595271,-0.00526757
1682,2016,852,21,Ranch4,_7375,Ranch4_7375,0.000694478,-0.00324568
1689,2016,804,21,Ranch4,_7375,Ranch4_7375,-0.00574096,-0.036552
1695,2016,863,21,Ranch4,_7375,Ranch4_7375,0.00972943,-0.000816316
1698,2016,884,21,Ranch4,_7375,Ranch4_7375,0.000659907,0.0625676
1707,2016,758,21,Ranch4,_7375,Ranch4_7375,0.00663423,-0.0370007
2754,2016,857,32,STOFI-Miccos,_7495,STOFI-Miccos_7495,-0.0133324,0.0451625
2760,2016,827,32,STOFI-Miccos,_7495,STOFI-Miccos_7495,-0.0109169,0.00414441
2761,2016,760,32,STOFI-Miccos,_7495,STOFI-Miccos_7495,0.00304895,0.0160696
2770,2016,738,32,STOFI-Miccos,_7495,STOFI-Miccos_7495,-0.00225091,0.0280021
2780,2016,788,32,STOFI-Miccos,_7495,STOFI-Miccos_7495,-0.0109781,0.040087
2781,2016,711,32,STOFI-Miccos,_7495,STOFI-Miccos_7495,-0.00528345,0.0179145
2786,2016,812,32,STOFI-Miccos,_7495,STOFI-Miccos_7495,-0.0037259,0.010937
2790,2016,846,32,STOFI-Miccos,_7495,STOFI-Miccos_7495,0.00014621,0.00842694
2793,2016,762,32,STOFI-Miccos,_7495,STOFI-Miccos_7495,-0.00171192,0.0271364
2794,2016,795,32,STOFI-Miccos,_7495,STOFI-Miccos_7495,0.0167985,-0.055735
2801,2016,826,32,STOFI-Miccos,_7495,STOFI-Miccos_7495,-0.00429492,0.00872768
2809,2016,914,32,STOFI-Miccos,_7495,STOFI-Miccos_7495,-0.00405311,0.0343399
2814,2016,751,32,STOFI-Miccos,_7495,STOFI-Miccos_7495,-0.000450961,0.0272069
2815,2016,808,32,STOFI-Miccos,_7495,STOFI-Miccos_7495,0.00977517,-0.0156221
2818,2016,783,32,STOFI-Miccos,_7495,STOFI-Miccos_7495,-0.0114484,0.0782715
2822,2016,817,32,STOFI-Miccos,_7495,STOFI-Miccos_7495,-0.00931376,0.0249876
2827,2016,718,32,STOFI-Miccos,_7495,STOFI-Miccos_7495,-0.00549606,0.0397782
2834,2016,702,32,STOFI-Miccos,_7495,STOFI-Miccos_7495,-0.00174075,0.0248699
2836,2016,753,32,STOFI-Miccos,_7495,STOFI-Miccos_7495,0.000797969,0.0153634
2837,2016,718,32,STOFI-Miccos,_7495,STOFI-Miccos_7495,-0.000410747,0.000744893
2843,2016,808,32,STOFI-Miccos,_7495,STOFI-Miccos_7495,-0.0111365,0.0533234
2853,2016,805,32,STOFI-Miccos,_7495,STOFI-Miccos_7495,-0.00454785,0.00503196
2862,2016,801,32,STOFI-Miccos,_7495,STOFI-Miccos_7495,-0.00593136,0.0478892
2876,2016,695,32,STOFI-Miccos,_7495,STOFI-Miccos_7495,0.00699577,0.044198
2883,2016,666,32,STOFI-Miccos,_7495,STOFI-Miccos_7495,-0.00230139,0.0172285
2893,2016,701,32,STOFI-Miccos,_7495,STOFI-Miccos_7495,-0.00288783,0.00485655
N10001,2017,952,34,STOFI-StThom,_7596,STOFI-StThom_7596,0.00215953,-0.0255034
N10003,2017,958,35,Ranch12,_7586,Ranch12_7586,0.00179481,-0.0269237
N10005,2017,849,9,Ranch14,_7596,Ranch14_7596,-0.00475187,0.036073
N10006,2017,724,34,STOFI-StThom,_7596,STOFI-StThom_7596,-0.0106102,0.00273726
N10007,2017,844,14,Ranch2,_7586,Ranch2_7586,-0.011786,-0.0173355
N10008,2017,741,15,Ranch2,_7596,Ranch2_7596,0.0159771,0.0492118
N10009,2017,805,3,Ranch11,_7586,Ranch11_7586,0.0140884,-0.0678559
N10011,2017,756,15,Ranch2,_7596,Ranch2_7596,0.0206958,0.0432989
N10012,2017,718,15,Ranch2,_7596,Ranch2_7596,-0.00208717,-0.00539088
N10013,2017,862,14,Ranch2,_7586,Ranch2_7586,-0.00642995,0.00693503
N10014,2017,685,34,STOFI-StThom,_7596,STOFI-StThom_7596,-0.00695155,-0.027419
N10016,2017,809,9,Ranch14,_7596,Ranch14_7596,-0.00975984,-0.00433753
N10017,2017,806,34,STOFI-StThom,_7596,STOFI-StThom_7596,-0.00190748,0.0112091
N10018,2017,866,35,Ranch12,_7586,Ranch12_7586,-0.000805473,-0.0291788
N10019,2017,859,35,Ranch12,_7586,Ranch12_7586,0.000425189,-0.0150774
N10020,2017,886,35,Ranch12,_7586,Ranch12_7586,-0.00326967,-0.0158614
N10021,2017,896,35,Ranch12,_7586,Ranch12_7586,-0.00617128,-0.0267256
N10022,2017,765,12,Ranch17,_F7,Ranch17_F7,-0.00445534,-0.0412943
N10023,2017,856,12,Ranch17,_F7,Ranch17_F7,-0.00924034,-0.0254221
N10024,2017,918,14,Ranch2,_7586,Ranch2_7586,0.00646205,-0.0139618
N10025,2017,921,12,Ranch17,_F7,Ranch17_F7,-0.00667939,-0.0227214
N10026,2017,767,12,Ranch17,_F7,Ranch17_F7,-0.00766407,-0.00281013
N10027,2017,910,12,Ranch17,_F7,Ranch17_F7,-0.00126464,-0.0206441
N10028,2017,779,12,Ranch17,_F7,Ranch17_F7,0.000701844,-0.0249291
N10029,2017,845,12,Ranch17,_F7,Ranch17_F7,-0.0104289,-0.0258235
N10030,2017,735,12,Ranch17,_F7,Ranch17_F7,-0.0107468,-0.00599602
N10031,2017,881,12,Ranch17,_F7,Ranch17_F7,-0.00813985,-0.0249486
N10032,2017,742,12,Ranch17,_F7,Ranch17_F7,-0.0107308,-0.0120934
N10033,2017,779,12,Ranch17,_F7,Ranch17_F7,-0.00886888,-0.00633535
N10034,2017,825,14,Ranch2,_7586,Ranch2_7586,-0.0146614,0.00152462
N10035,2017,862,35,Ranch12,_7586,Ranch12_7586,-0.00489733,-0.0239624
N10036,2017,687,12,Ranch17,_F7,Ranch17_F7,-0.00797058,-0.0266265
N10037,2017,770,12,Ranch17,_F7,Ranch17_F7,-0.0114888,-0.0282967
N10038,2017,868,12,Ranch17,_F7,Ranch17_F7,-0.0125928,-0.0332949
N10039,2017,856,12,Ranch17,_F7,Ranch17_F7,-0.00407325,-0.0207627
N10040,2017,654,12,Ranch17,_F7,Ranch17_F7,-0.00485386,-0.023717
N10041,2017,798,12,Ranch17,_F7,Ranch17_F7,-0.00816458,-0.0256888
N10042,2017,803,12,Ranch17,_F7,Ranch17_F7,-0.00732682,-0.0298741
N10044,2017,821,14,Ranch2,_7586,Ranch2_7586,-0.00428838,-0.0318557
N10045,2017,798,3,Ranch11,_7586,Ranch11_7586,0.00785737,-0.0309983
N10046,2017,921,12,Ranch17,_F7,Ranch17_F7,-0.0101179,-0.0425566
N10047,2017,750,12,Ranch17,_F7,Ranch17_F7,-0.00649814,-0.044916
N10048,2017,857,14,Ranch2,_7586,Ranch2_7586,-0.000739209,-0.0323684
N10049,2017,928,3,Ranch11,_7586,Ranch11_7586,0.0112415,-0.0715988
N10050,2017,737,12,Ranch17,_F7,Ranch17_F7,-0.0102552,-0.0300577
N10051,2017,769,12,Ranch17,_F7,Ranch17_F7,0.000533683,0.0380375
N10052,2017,901,3,Ranch11,_7586,Ranch11_7586,0.0131959,-0.0359982
N10053,2017,779,34,STOFI-StThom,_7596,STOFI-StThom_7596,-0.00718565,0.0102813
N10054,2017,854,23,Ranch5,_7596,Ranch5_7596,-0.00667818,-0.0103697
N10055,2017,813,3,Ranch11,_7586,Ranch11_7586,0.0096198,-0.029347
N10056,2017,757,12,Ranch17,_F7,Ranch17_F7,-0.0101247,-0.0157396
N10057,2017,967,12,Ranch17,_F7,Ranch17_F7,-0.0131397,-0.0201139
N10058,2017,850,12,Ranch17,_F7,Ranch17_F7,-0.0111429,-0.0307168
N10059,2017,748,12,Ranch17,_F7,Ranch17_F7,-0.00403324,-0.0201577
N10060,2017,896,12,Ranch17,_F7,Ranch17_F7,-0.0123691,-0.0319848
N10061,2017,1031,12,Ranch17,_F7,Ranch17_F7,-0.0082671,-0.0392156
N10063,2017,772,12,Ranch17,_F7,Ranch17_F7,-0.010895,-0.0454686
N10064,2017,1043,14,Ranch2,_7586,Ranch2_7586,0.000592302,-0.025736
N10065,2017,764,3,Ranch11,_7586,Ranch11_7586,0.0125612,-0.0381002
N10066,2017,694,12,Ranch17,_F7,Ranch17_F7,-0.0149266,-0.0307781
N10067,2017,796,25,Ranch6,_7556,Ranch6_7556,-0.00622286,0.012842
N10068,2017,960,25,Ranch6,_7556,Ranch6_7556,-0.00662337,0.0564293
N10069,2017,865,25,Ranch6,_7556,Ranch6_7556,0.00101006,0.0570943
N10070,2017,867,25,Ranch6,_7556,Ranch6_7556,-0.0056565,0.0567032
N10071,2017,729,25,Ranch6,_7556,Ranch6_7556,9.91E-05,-0.00291317
N10072,2017,766,25,Ranch6,_7556,Ranch6_7556,-0.00593097,0.0113561
N10073,2017,767,25,Ranch6,_7556,Ranch6_7556,-0.0061521,0.0663912
N10076,2017,889,25,Ranch6,_7556,Ranch6_7556,0.00206928,0.00522358
N10077,2017,749,25,Ranch6,_7556,Ranch6_7556,-0.00633673,-0.00154672
N10079,2017,881,25,Ranch6,_7556,Ranch6_7556,-0.00851941,0.063833
N10080,2017,933,25,Ranch6,_7556,Ranch6_7556,-0.00564455,0.0708142
N10081,2017,781,25,Ranch6,_7556,Ranch6_7556,-0.00903949,0.0118404
N10082,2017,944,25,Ranch6,_7556,Ranch6_7556,0.0253913,-0.0599905
N10083,2017,952,25,Ranch6,_7556,Ranch6_7556,-0.0103226,0.0636436
N10084,2017,867,25,Ranch6,_7556,Ranch6_7556,-0.00873913,0.0399515
N10085,2017,989,25,Ranch6,_7556,Ranch6_7556,-0.00961927,0.0840454
N10086,2017,831,25,Ranch6,_7556,Ranch6_7556,-0.00634044,-0.000263073
N10087,2017,820,34,STOFI-StThom,_7596,STOFI-StThom_7596,-0.000151993,0.0161098
N10088,2017,899,25,Ranch6,_7556,Ranch6_7556,-0.00335887,0.0720173
N10089,2017,952,25,Ranch6,_7556,Ranch6_7556,-0.00532626,0.0406168
N10090,2017,810,25,Ranch6,_7556,Ranch6_7556,-0.0089031,0.0472015
N10092,2017,872,25,Ranch6,_7556,Ranch6_7556,-0.00232628,0.066277
N10093,2017,769,25,Ranch6,_7556,Ranch6_7556,0.00229765,-0.00720902
N10094,2017,857,25,Ranch6,_7556,Ranch6_7556,0.00397389,0.0364682
N10095,2017,808,25,Ranch6,_7556,Ranch6_7556,0.000412643,0.0533758
N10096,2017,875,12,Ranch17,_F7,Ranch17_F7,-0.0132837,-0.035251
N10097,2017,898,25,Ranch6,_7556,Ranch6_7556,-0.00285494,-0.00732481
N10099,2017,825,25,Ranch6,_7556,Ranch6_7556,-0.00228556,0.00567915
N10100,2017,973,25,Ranch6,_7556,Ranch6_7556,-0.00871046,-0.0131016
N10101,2017,880,12,Ranch17,_F7,Ranch17_F7,-0.0103691,-0.0156478
N10102,2017,923,25,Ranch6,_7556,Ranch6_7556,0.00378223,-0.0406997
N10104,2017,925,25,Ranch6,_7556,Ranch6_7556,0.00777774,-0.029289
N10105,2017,818,25,Ranch6,_7556,Ranch6_7556,0.00959942,-0.0590745
N10106,2017,781,25,Ranch6,_7556,Ranch6_7556,-0.00506651,0.0215708
N20001,2017,935,9,Ranch14,_7596,Ranch14_7596,0.00631616,0.0323177
N20002,2017,808,15,Ranch2,_7596,Ranch2_7596,-0.00155512,-0.0320991
N20003,2017,836,15,Ranch2,_7596,Ranch2_7596,-0.000104694,-0.000759448
N20004,2017,653,15,Ranch2,_7596,Ranch2_7596,0.00876696,0.0386732
N20005,2017,783,15,Ranch2,_7596,Ranch2_7596,0.0104918,-0.0445945
N20006,2017,831,15,Ranch2,_7596,Ranch2_7596,-0.0145469,-0.0393507
N20007,2017,753,34,STOFI-StThom,_7596,STOFI-StThom_7596,0.00924623,-0.0159515
N20008,2017,829,9,Ranch14,_7596,Ranch14_7596,0.00500649,0.0255925
N20009,2017,798,15,Ranch2,_7596,Ranch2_7596,-0.00365768,-0.0146733
N20011,2017,727,23,Ranch5,_7596,Ranch5_7596,0.00414772,0.0432318
N20012,2017,773,9,Ranch14,_7596,Ranch14_7596,0.000772103,0.0273658
N20013,2017,898,34,STOFI-StThom,_7596,STOFI-StThom_7596,-0.00455938,0.0158876
N20014,2017,864,34,STOFI-StThom,_7596,STOFI-StThom_7596,-0.0070636,0.0482906
N20015,2017,816,34,STOFI-StThom,_7596,STOFI-StThom_7596,-0.00210622,-0.0117559
N20016,2017,777,15,Ranch2,_7596,Ranch2_7596,-0.00443819,-0.00344092
N20017,2017,857,15,Ranch2,_7596,Ranch2_7596,0.391953,-0.00904819
N20018,2017,813,34,STOFI-StThom,_7596,STOFI-StThom_7596,-0.00110135,0.0120354
N20020,2017,691,15,Ranch2,_7596,Ranch2_7596,0.00705033,0.0353356
N20021,2017,751,34,STOFI-StThom,_7596,STOFI-StThom_7596,-0.000612867,0.00258297
N20022,2017,720,34,STOFI-StThom,_7596,STOFI-StThom_7596,0.00288367,-0.00755477
N20023,2017,820,23,Ranch5,_7596,Ranch5_7596,0.00930524,-0.0101066
N20024,2017,793,34,STOFI-StThom,_7596,STOFI-StThom_7596,-0.00264057,0.00113881
N20026,2017,813,15,Ranch2,_7596,Ranch2_7596,0.00886069,0.047992
N20027,2017,809,34,STOFI-StThom,_7596,STOFI-StThom_7596,-0.00525275,-0.00427876
N20028,2017,801,23,Ranch5,_7596,Ranch5_7596,-0.00403563,0.0128255
N20029,2017,728,15,Ranch2,_7596,Ranch2_7596,0.0260453,0.026839
N20030,2017,788,15,Ranch2,_7596,Ranch2_7596,-0.00248892,0.0493921
N20031,2017,843,34,STOFI-StThom,_7596,STOFI-StThom_7596,0.00232008,0.0201842
N20032,2017,831,9,Ranch14,_7596,Ranch14_7596,0.00483254,0.00153335
N20033,2017,863,34,STOFI-StThom,_7596,STOFI-StThom_7596,0.000289551,-0.003594
N20034,2017,889,15,Ranch2,_7596,Ranch2_7596,0.00344208,-0.00661361
N20035,2017,794,23,Ranch5,_7596,Ranch5_7596,0.00313028,-0.028592
N20036,2017,887,9,Ranch14,_7596,Ranch14_7596,0.00037449,-0.0269471
N20037,2017,791,34,STOFI-StThom,_7596,STOFI-StThom_7596,0.0072795,0.0273409
N20038,2017,846,11,Ranch17,_7126,Ranch17_7126,-0.00317951,-0.0305247
N20039,2017,872,11,Ranch17,_7126,Ranch17_7126,-0.00851979,-0.0350996
N20041,2017,779,11,Ranch17,_7126,Ranch17_7126,-0.016011,-0.0203308
N20043,2017,935,11,Ranch17,_7126,Ranch17_7126,-0.00529743,-0.0320878
N20044,2017,930,11,Ranch17,_7126,Ranch17_7126,-0.00854732,-0.0344542
N20045,2017,736,11,Ranch17,_7126,Ranch17_7126,-0.00188593,-0.0409416
N20046,2017,726,11,Ranch17,_7126,Ranch17_7126,-0.0136707,-0.0307602
N20047,2017,1019,11,Ranch17,_7126,Ranch17_7126,-0.00437358,-0.0241122
N20048,2017,765,11,Ranch17,_7126,Ranch17_7126,-0.011329,-0.0124607
N20049,2017,813,11,Ranch17,_7126,Ranch17_7126,-0.00698273,-0.028397
N20050,2017,820,11,Ranch17,_7126,Ranch17_7126,-0.00197419,-0.0346621
N20051,2017,899,11,Ranch17,_7126,Ranch17_7126,-0.0080116,-0.0369159
N20052,2017,916,11,Ranch17,_7126,Ranch17_7126,-0.00637062,-0.0157691
N20053,2017,851,11,Ranch17,_7126,Ranch17_7126,-0.0118208,-0.00771901
N20054,2017,757,11,Ranch17,_7126,Ranch17_7126,-0.00785461,-0.0332531
N20055,2017,978,11,Ranch17,_7126,Ranch17_7126,-0.0107064,-0.022552
N20056,2017,752,11,Ranch17,_7126,Ranch17_7126,-0.00698903,-0.0476842
N20057,2017,769,11,Ranch17,_7126,Ranch17_7126,-0.00603705,-0.0184121
N20058,2017,1001,11,Ranch17,_7126,Ranch17_7126,-0.0123525,-0.0274884
N20059,2017,848,11,Ranch17,_7126,Ranch17_7126,-0.00707698,-0.0247054
N20060,2017,826,11,Ranch17,_7126,Ranch17_7126,-0.00918558,-0.0435018
N20061,2017,926,11,Ranch17,_7126,Ranch17_7126,-0.0115796,-0.0323604
N20062,2017,958,11,Ranch17,_7126,Ranch17_7126,-0.00854266,-0.0464752
N20063,2017,779,11,Ranch17,_7126,Ranch17_7126,-0.0144364,-0.0283614
N20064,2017,882,11,Ranch17,_7126,Ranch17_7126,-0.00703354,-0.0453965
N20065,2017,992,11,Ranch17,_7126,Ranch17_7126,-0.0116262,-0.0196758
N20066,2017,963,11,Ranch17,_7126,Ranch17_7126,-0.0109793,-0.0194831
N20067,2017,797,11,Ranch17,_7126,Ranch17_7126,-0.00927528,-0.00911693
N20068,2017,769,11,Ranch17,_7126,Ranch17_7126,-0.00940633,-0.0435595
N20070,2017,929,11,Ranch17,_7126,Ranch17_7126,0.0143523,0.0240161
N20071,2017,779,11,Ranch17,_7126,Ranch17_7126,0.00295438,-0.0114981
N20072,2017,821,11,Ranch17,_7126,Ranch17_7126,-0.00484895,-0.0269615
N20073,2017,802,11,Ranch17,_7126,Ranch17_7126,-0.0103777,-0.0325591
N20074,2017,809,11,Ranch17,_7126,Ranch17_7126,-0.006104,-0.037042
N20075,2017,827,6,Ranch12,_7626,Ranch12_7626,-0.00730221,-0.00767988
N20076,2017,834,4,Ranch11,_7606,Ranch11_7606,0.00484881,-0.0160796
N20077,2017,899,17,Ranch2,_7626,Ranch2_7626,-0.00259414,-0.038018
N20078,2017,917,16,Ranch2,_7606,Ranch2_7606,0.00110772,-0.0233296
N20079,2017,839,5,Ranch12,_7606,Ranch12_7606,-0.00479999,-0.0460203
N20080,2017,798,5,Ranch12,_7606,Ranch12_7606,-0.00720952,-0.021979
N20081,2017,979,17,Ranch2,_7626,Ranch2_7626,-0.00368984,5.67E-05
N20082,2017,758,16,Ranch2,_7606,Ranch2_7606,-0.000645871,-0.0372336
N20083,2017,833,4,Ranch11,_7606,Ranch11_7606,-0.00852933,0.0134284
N20084,2017,839,17,Ranch2,_7626,Ranch2_7626,-0.00649515,-0.00589754
N20085,2017,811,34,STOFI-StThom,_7596,STOFI-StThom_7596,-0.00139103,0.0131907
N20086,2017,893,5,Ranch12,_7606,Ranch12_7606,-0.00319757,-0.0359585
N20087,2017,827,17,Ranch2,_7626,Ranch2_7626,0.000782737,-0.0228516
N20088,2017,750,5,Ranch12,_7606,Ranch12_7606,-0.00913281,-0.0107025
N20089,2017,898,5,Ranch12,_7606,Ranch12_7606,-0.00192927,-0.0118286
N20090,2017,908,5,Ranch12,_7606,Ranch12_7606,-0.000724073,-0.03371
N20091,2017,924,16,Ranch2,_7606,Ranch2_7606,-0.00414628,0.006106
N20092,2017,862,3,Ranch11,_7586,Ranch11_7586,0.0039703,-0.0166126
N20093,2017,820,5,Ranch12,_7606,Ranch12_7606,-0.000700652,-0.0297373
N20094,2017,996,6,Ranch12,_7626,Ranch12_7626,-0.00136099,-0.0262214
N20095,2017,841,24,Ranch5,_7606,Ranch5_7606,-0.00147918,-0.0192545
N20096,2017,777,24,Ranch5,_7606,Ranch5_7606,-0.00165238,-0.0386569
N20097,2017,801,6,Ranch12,_7626,Ranch12_7626,-0.00214577,-0.0393617
N20098,2017,884,17,Ranch2,_7626,Ranch2_7626,-0.009461,-0.0380874
N20099,2017,910,36,Ranch14,_7606,Ranch14_7606,0.00162824,0.0328815
N20100,2017,1080,36,Ranch14,_7606,Ranch14_7606,0.00409512,0.0240733
N20101,2017,843,4,Ranch11,_7606,Ranch11_7606,0.00340145,-0.0252803
N20102,2017,894,5,Ranch12,_7606,Ranch12_7606,-0.0079688,-0.0435402
N20104,2017,860,17,Ranch2,_7626,Ranch2_7626,-0.00304168,-0.0337907
N20105,2017,811,17,Ranch2,_7626,Ranch2_7626,-0.00756241,0.0046665
N20106,2017,889,16,Ranch2,_7606,Ranch2_7606,-0.00956591,-0.0201484
N20107,2017,810,17,Ranch2,_7626,Ranch2_7626,-0.0151885,-0.0338818
N20108,2017,1019,5,Ranch12,_7606,Ranch12_7606,-0.00999402,-0.0141901
N30001,2017,898,16,Ranch2,_7606,Ranch2_7606,-0.00821333,-0.055022
N30002,2017,866,28,STOFI-Bright,_7186,STOFI-Bright_7186,-0.0128223,-0.0350732
N30003,2017,762,28,STOFI-Bright,_7186,STOFI-Bright_7186,-0.00169996,0.0242566
N30004,2017,841,28,STOFI-Bright,_7186,STOFI-Bright_7186,-0.0109423,-0.0217742
N30005,2017,895,28,STOFI-Bright,_7186,STOFI-Bright_7186,-0.00323775,-0.00449284
N30006,2017,757,28,STOFI-Bright,_7186,STOFI-Bright_7186,-0.00750763,0.00801056
N30007,2017,799,19,Ranch3,_7186,Ranch3_7186,0.00296276,-0.0272838
N30008,2017,816,28,STOFI-Bright,_7186,STOFI-Bright_7186,-0.0124082,0.0141502
N30009,2017,746,28,STOFI-Bright,_7186,STOFI-Bright_7186,-0.00753808,0.0247717
N30010,2017,847,19,Ranch3,_7186,Ranch3_7186,-0.0112579,-0.0338924
N30011,2017,894,28,STOFI-Bright,_7186,STOFI-Bright_7186,0.000401485,0.0105495
N30012,2017,846,28,STOFI-Bright,_7186,STOFI-Bright_7186,-0.00859075,0.0263697
N30013,2017,833,28,STOFI-Bright,_7186,STOFI-Bright_7186,0.0019185,0.0379963
N30014,2017,851,28,STOFI-Bright,_7186,STOFI-Bright_7186,-0.00689335,0.0322705
N30016,2017,745,19,Ranch3,_7186,Ranch3_7186,-0.00585594,-0.0280275
N30017,2017,836,28,STOFI-Bright,_7186,STOFI-Bright_7186,-0.00966597,-0.0496544
N30018,2017,863,19,Ranch3,_7186,Ranch3_7186,-0.00177344,0.000317101
N30019,2017,795,28,STOFI-Bright,_7186,STOFI-Bright_7186,-0.0110126,0.0353932
N30020,2017,846,28,STOFI-Bright,_7186,STOFI-Bright_7186,0.000588129,-0.026588
N30021,2017,795,19,Ranch3,_7186,Ranch3_7186,-0.00368614,-0.0274328
N30022,2017,851,28,STOFI-Bright,_7186,STOFI-Bright_7186,-0.0109516,-0.019574
N30024,2017,903,28,STOFI-Bright,_7186,STOFI-Bright_7186,-0.00314452,0.0312111
N30025,2017,838,28,STOFI-Bright,_7186,STOFI-Bright_7186,-0.00500405,0.0337215
N30026,2017,909,28,STOFI-Bright,_7186,STOFI-Bright_7186,0.000140903,0.0364105
N30027,2017,866,19,Ranch3,_7186,Ranch3_7186,-0.0014971,-0.0473866
N30028,2017,937,19,Ranch3,_7186,Ranch3_7186,0.00108185,-0.056909
N30029,2017,845,4,Ranch11,_7606,Ranch11_7606,0.00857504,-0.0313396
N30030,2017,805,5,Ranch12,_7606,Ranch12_7606,-0.000123105,-0.0502738
N30031,2017,845,2,Ranch11,_7566,Ranch11_7566,0.00355358,-0.0234937
N30032,2017,807,5,Ranch12,_7606,Ranch12_7606,-0.00540457,-0.0170638
N30033,2017,949,17,Ranch2,_7626,Ranch2_7626,-0.00345505,-0.038251
N30034,2017,767,4,Ranch11,_7606,Ranch11_7606,0.000822576,-0.00869694
N30035,2017,899,17,Ranch2,_7626,Ranch2_7626,0.0101842,0.0355172
N30036,2017,841,6,Ranch12,_7626,Ranch12_7626,0.000321452,-0.012428
N30037,2017,839,17,Ranch2,_7626,Ranch2_7626,0.00323017,0.0234685
N30038,2017,808,17,Ranch2,_7626,Ranch2_7626,-0.01291,-0.0437377
N30039,2017,791,5,Ranch12,_7606,Ranch12_7606,0.00235061,-0.00877809
N30040,2017,888,2,Ranch11,_7566,Ranch11_7566,-0.00457635,0.0102556
N30041,2017,867,6,Ranch12,_7626,Ranch12_7626,-0.00269735,-0.0191444
N30042,2017,891,16,Ranch2,_7606,Ranch2_7606,-0.00830684,-0.0284868
N30043,2017,837,17,Ranch2,_7626,Ranch2_7626,-0.0146822,-0.0330247
N30044,2017,843,5,Ranch12,_7606,Ranch12_7606,-0.00838118,-0.013529
N30045,2017,860,6,Ranch12,_7626,Ranch12_7626,-0.00111492,-0.0171617
N30046,2017,824,4,Ranch11,_7606,Ranch11_7606,-0.0118793,0.0170027
N30047,2017,812,16,Ranch2,_7606,Ranch2_7606,-0.000253318,-0.0270899
N30048,2017,827,5,Ranch12,_7606,Ranch12_7606,-0.0103715,-0.0269707
N30049,2017,779,17,Ranch2,_7626,Ranch2_7626,-0.00416701,-0.0116711
N30050,2017,1068,36,Ranch14,_7606,Ranch14_7606,0.00271701,0.00871891
N30051,2017,756,4,Ranch11,_7606,Ranch11_7606,-0.00457153,-0.0166835
N30052,2017,839,5,Ranch12,_7606,Ranch12_7606,-0.00469852,-0.0202639
N30053,2017,1000,16,Ranch2,_7606,Ranch2_7606,-0.00468371,-0.0441657
N30055,2017,723,17,Ranch2,_7626,Ranch2_7626,0.0028697,0.00677619
N30056,2017,948,19,Ranch3,_7186,Ranch3_7186,0.00019103,-0.0299163
N30057,2017,949,19,Ranch3,_7186,Ranch3_7186,-0.00711401,-0.0369868
N30058,2017,873,28,STOFI-Bright,_7186,STOFI-Bright_7186,-0.00398831,0.0639611
N30059,2017,972,19,Ranch3,_7186,Ranch3_7186,-0.00768914,-0.0190397
N30060,2017,872,28,STOFI-Bright,_7186,STOFI-Bright_7186,-0.00639932,0.00984811
N30061,2017,912,28,STOFI-Bright,_7186,STOFI-Bright_7186,-0.00919247,0.0252858
N30062,2017,837,28,STOFI-Bright,_7186,STOFI-Bright_7186,-0.011184,0.0639149
N30063,2017,818,5,Ranch12,_7606,Ranch12_7606,0.00463843,-0.0256853
N30064,2017,792,17,Ranch2,_7626,Ranch2_7626,-0.00442473,0.000536784
N30065,2017,887,19,Ranch3,_7186,Ranch3_7186,-0.00799067,-0.0375541
N30066,2017,930,19,Ranch3,_7186,Ranch3_7186,-0.00304832,0.0176999
N30067,2017,786,28,STOFI-Bright,_7186,STOFI-Bright_7186,-0.00424509,0.0117917
N30068,2017,814,17,Ranch2,_7626,Ranch2_7626,-0.0091201,-0.0172405
N30070,2017,889,22,Ranch5,_7566,Ranch5_7566,-0.0129355,0.000374619
N30071,2017,740,33,STOFI-StThom,_7566,STOFI-StThom_7566,-0.00737056,0.0409281
N30072,2017,864,2,Ranch11,_7566,Ranch11_7566,0.0102946,-0.0238057
N30073,2017,871,8,Ranch14,_7566,Ranch14_7566,-0.0108795,-0.000274841
N30074,2017,718,25,Ranch6,_7556,Ranch6_7556,-0.00296212,-0.0369275
N30075,2017,859,25,Ranch6,_7556,Ranch6_7556,0.0120368,-0.0431189
N30077,2017,772,25,Ranch6,_7556,Ranch6_7556,-0.00746757,0.0151371
N30078,2017,771,22,Ranch5,_7566,Ranch5_7566,8.74E-05,-0.00131295
N30079,2017,897,33,STOFI-StThom,_7566,STOFI-StThom_7566,-0.00486031,0.0250607
N30081,2017,869,8,Ranch14,_7566,Ranch14_7566,-0.0032962,0.025073
N30082,2017,772,33,STOFI-StThom,_7566,STOFI-StThom_7566,-0.00475337,-0.0176887
N30083,2017,761,33,STOFI-StThom,_7566,STOFI-StThom_7566,0.00107603,-0.0280771
N30084,2017,831,33,STOFI-StThom,_7566,STOFI-StThom_7566,0.0107682,-0.0704184
N30085,2017,683,25,Ranch6,_7556,Ranch6_7556,-0.00534308,-0.0197409
N30087,2017,847,25,Ranch6,_7556,Ranch6_7556,0.000571449,-0.0296738
N30088,2017,842,25,Ranch6,_7556,Ranch6_7556,-0.0012195,0.0624868
N30089,2017,669,25,Ranch6,_7556,Ranch6_7556,-0.012281,0.0840757
N30090,2017,830,25,Ranch6,_7556,Ranch6_7556,0.000797242,-0.00496532
N30091,2017,812,25,Ranch6,_7556,Ranch6_7556,-0.006306,-0.0444481
N30092,2017,871,22,Ranch5,_7566,Ranch5_7566,0.00955966,-0.0449503
N30093,2017,980,2,Ranch11,_7566,Ranch11_7566,-0.00869574,-0.0025525
N30094,2017,747,25,Ranch6,_7556,Ranch6_7556,-0.00241084,-0.00435598
N30095,2017,638,25,Ranch6,_7556,Ranch6_7556,-0.00127745,-0.0134711
N30096,2017,667,2,Ranch11,_7566,Ranch11_7566,0.00649844,0.04719
N30097,2017,855,13,Ranch2,_7566,Ranch2_7566,-0.0126961,-0.022671
N30098,2017,825,33,STOFI-StThom,_7566,STOFI-StThom_7566,-0.00380913,0.033286
N30099,2017,897,33,STOFI-StThom,_7566,STOFI-StThom_7566,-0.0050389,0.00345336
N30101,2017,757,33,STOFI-StThom,_7566,STOFI-StThom_7566,0.0142202,-0.0273626
N30103,2017,921,33,STOFI-StThom,_7566,STOFI-StThom_7566,0.00680963,0.00170871
N30104,2017,854,17,Ranch2,_7626,Ranch2_7626,-0.00167574,-0.00792755
N30105,2017,917,17,Ranch2,_7626,Ranch2_7626,-0.000393068,-0.00780182
N30106,2017,795,6,Ranch12,_7626,Ranch12_7626,0.00203354,-0.0281915
N30107,2017,808,16,Ranch2,_7606,Ranch2_7606,-0.00136796,-0.0256482
N30108,2017,838,6,Ranch12,_7626,Ranch12_7626,-0.00691383,-0.0245045
N30109,2017,944,24,Ranch5,_7606,Ranch5_7606,-0.00401968,0.00662723
N30110,2017,992,36,Ranch14,_7606,Ranch14_7606,-0.00506064,0.044128
N30111,2017,820,17,Ranch2,_7626,Ranch2_7626,-0.00263918,0.00339447
N40001,2017,853,34,STOFI-StThom,_7596,STOFI-StThom_7596,-0.0104491,0.0360893
N40002,2017,691,34,STOFI-StThom,_7596,STOFI-StThom_7596,-0.00050088,-0.0393748
N40003,2017,878,15,Ranch2,_7596,Ranch2_7596,0.00443202,0.0450935
N40004,2017,679,34,STOFI-StThom,_7596,STOFI-StThom_7596,0.00180143,0.00471917
N40005,2017,708,34,STOFI-StThom,_7596,STOFI-StThom_7596,-3.13E-06,-0.0085043
N40006,2017,861,34,STOFI-StThom,_7596,STOFI-StThom_7596,-0.0100738,-0.0321639
N40007,2017,700,34,STOFI-StThom,_7596,STOFI-StThom_7596,-0.00576686,-0.00486724
N40008,2017,679,15,Ranch2,_7596,Ranch2_7596,-0.00679927,-0.0392027
N40009,2017,735,15,Ranch2,_7596,Ranch2_7596,0.0289482,0.00825765
N40010,2017,748,34,STOFI-StThom,_7596,STOFI-StThom_7596,-0.00319395,0.0311489
N40011,2017,810,15,Ranch2,_7596,Ranch2_7596,0.00360512,-0.00689352
N40012,2017,681,34,STOFI-StThom,_7596,STOFI-StThom_7596,0.0124813,-0.011394
N40013,2017,824,34,STOFI-StThom,_7596,STOFI-StThom_7596,-0.00167001,0.0227349
N40014,2017,850,15,Ranch2,_7596,Ranch2_7596,-0.00563515,-0.00443666
N40015,2017,887,34,STOFI-StThom,_7596,STOFI-StThom_7596,-0.00461335,0.0259686
N40016,2017,721,15,Ranch2,_7596,Ranch2_7596,0.0134498,0.0225031
N40017,2017,730,34,STOFI-StThom,_7596,STOFI-StThom_7596,-0.00789576,0.0281757
N40018,2017,763,15,Ranch2,_7596,Ranch2_7596,0.00510788,-0.0389469
N40019,2017,724,34,STOFI-StThom,_7596,STOFI-StThom_7596,-0.000530229,0.0159226
N40020,2017,765,34,STOFI-StThom,_7596,STOFI-StThom_7596,-0.00915431,0.0106262
N40021,2017,756,34,STOFI-StThom,_7596,STOFI-StThom_7596,-0.0121609,0.0340442
N40022,2017,707,34,STOFI-StThom,_7596,STOFI-StThom_7596,-0.000869368,0.0381313
N40023,2017,734,9,Ranch14,_7596,Ranch14_7596,-0.00599248,0.0443613
N40026,2017,819,34,STOFI-StThom,_7596,STOFI-StThom_7596,-0.00345806,0.0210697
N40028,2017,772,1,Ranch1,_77146,Ranch1_77146,-0.00125182,-0.0117547
N40029,2017,828,1,Ranch1,_77146,Ranch1_77146,-0.00912261,-0.00715746
N40030,2017,849,1,Ranch1,_77146,Ranch1_77146,-0.0142231,0.0586508
N40032,2017,859,1,Ranch1,_77146,Ranch1_77146,-0.00432801,0.062404
N40033,2017,831,1,Ranch1,_77146,Ranch1_77146,0.0113129,-0.0573603
N40034,2017,867,1,Ranch1,_77146,Ranch1_77146,-0.0108918,0.0642202
N40035,2017,926,1,Ranch1,_77146,Ranch1_77146,-0.00229139,0.0117283
N40036,2017,1010,1,Ranch1,_77146,Ranch1_77146,-0.0104277,-0.0177656
N40037,2017,901,1,Ranch1,_77146,Ranch1_77146,-0.00474702,-0.0174521
N40038,2017,832,1,Ranch1,_77146,Ranch1_77146,-0.00681959,0.0772704
N40039,2017,868,1,Ranch1,_77146,Ranch1_77146,-0.00413957,0.0649345
N40040,2017,941,1,Ranch1,_77146,Ranch1_77146,-0.00524269,-0.0282345
N40042,2017,861,1,Ranch1,_77146,Ranch1_77146,-0.0110874,0.0354756
N40043,2017,954,1,Ranch1,_77146,Ranch1_77146,-0.00766192,0.0727109
N40044,2017,913,1,Ranch1,_77146,Ranch1_77146,-0.00934902,0.0510624
N40045,2017,857,1,Ranch1,_77146,Ranch1_77146,-0.0106054,0.045794
N40046,2017,947,1,Ranch1,_77146,Ranch1_77146,-0.00189667,-0.0299403
N40047,2017,989,1,Ranch1,_77146,Ranch1_77146,0.00873179,0.00226165
N40048,2017,790,1,Ranch1,_77146,Ranch1_77146,-0.00665777,-0.0386971
N40049,2017,856,1,Ranch1,_77146,Ranch1_77146,0.000295079,0.0526755
N40050,2017,973,1,Ranch1,_77146,Ranch1_77146,-0.0106217,0.0559016
N40051,2017,879,1,Ranch1,_77146,Ranch1_77146,-0.00697684,-0.0277331
N40052,2017,828,1,Ranch1,_77146,Ranch1_77146,-0.00294074,-0.0419297
N40053,2017,874,1,Ranch1,_77146,Ranch1_77146,-0.0115369,-0.0371131
N40054,2017,845,1,Ranch1,_77146,Ranch1_77146,-0.00485708,0.0756714
N40055,2017,874,1,Ranch1,_77146,Ranch1_77146,-0.0076502,0.0611575
N40057,2017,870,1,Ranch1,_77146,Ranch1_77146,-0.00575935,0.0603343
N40058,2017,899,1,Ranch1,_77146,Ranch1_77146,0.00584879,0.0227459
N40059,2017,773,23,Ranch5,_7596,Ranch5_7596,-0.00207837,-0.00722033
N40060,2017,706,15,Ranch2,_7596,Ranch2_7596,0.00252824,-0.0501407
N40061,2017,695,1,Ranch1,_77146,Ranch1_77146,-0.00750436,0.0642106
N40062,2017,791,34,STOFI-StThom,_7596,STOFI-StThom_7596,-0.00288816,-0.00374849
N40063,2017,852,34,STOFI-StThom,_7596,STOFI-StThom_7596,-0.00423368,-0.0143147
N40064,2017,899,1,Ranch1,_77146,Ranch1_77146,-0.00498998,-0.0166298
N40065,2017,705,15,Ranch2,_7596,Ranch2_7596,-0.00207964,-0.0137953
N40066,2017,883,34,STOFI-StThom,_7596,STOFI-StThom_7596,-0.00337775,0.0620416
N40067,2017,754,34,STOFI-StThom,_7596,STOFI-StThom_7596,-0.00490888,0.0103221
N40068,2017,843,34,STOFI-StThom,_7596,STOFI-StThom_7596,0.00218485,-0.00992473
N40069,2017,983,1,Ranch1,_77146,Ranch1_77146,-0.00610261,0.000628792
N40070,2017,767,23,Ranch5,_7596,Ranch5_7596,-0.00657175,-0.0334798
N40071,2017,762,34,STOFI-StThom,_7596,STOFI-StThom_7596,-0.000596544,0.0401967
N40072,2017,867,9,Ranch14,_7596,Ranch14_7596,-0.00406991,0.0410229
N40073,2017,827,34,STOFI-StThom,_7596,STOFI-StThom_7596,0.00187646,-0.0177332
N40074,2017,762,15,Ranch2,_7596,Ranch2_7596,-0.00148187,-0.00757708
N40075,2017,882,1,Ranch1,_77146,Ranch1_77146,-0.0029315,0.065996
N40076,2017,865,1,Ranch1,_77146,Ranch1_77146,0.00331611,-0.0161425
N40077,2017,881,1,Ranch1,_77146,Ranch1_77146,-0.00340774,-0.037661
N40078,2017,980,1,Ranch1,_77146,Ranch1_77146,0.000829699,-0.0388312
N40080,2017,849,1,Ranch1,_77146,Ranch1_77146,0.00107716,-0.0111241
N40081,2017,792,1,Ranch1,_77146,Ranch1_77146,0.000595603,0.0524894
N40082,2017,714,1,Ranch1,_77146,Ranch1_77146,0.0031325,0.0277365
N40083,2017,931,1,Ranch1,_77146,Ranch1_77146,-0.0072721,-0.0347391
N40084,2017,793,1,Ranch1,_77146,Ranch1_77146,-0.00379125,0.062198
N40085,2017,759,1,Ranch1,_77146,Ranch1_77146,-0.00974044,-0.0231932
N40086,2017,743,1,Ranch1,_77146,Ranch1_77146,-0.0142072,-0.0459893
N40088,2017,805,1,Ranch1,_77146,Ranch1_77146,-0.0106714,0.00459272
N40089,2017,695,1,Ranch1,_77146,Ranch1_77146,0.00931048,0.0299
N40090,2017,846,1,Ranch1,_77146,Ranch1_77146,-0.00400001,-0.0422659
N40091,2017,811,1,Ranch1,_77146,Ranch1_77146,0.00641764,0.0132328
N40092,2017,862,1,Ranch1,_77146,Ranch1_77146,-0.00524513,-0.0278796
N40093,2017,995,1,Ranch1,_77146,Ranch1_77146,-0.0114992,0.0557291
N40094,2017,828,1,Ranch1,_77146,Ranch1_77146,-0.00491459,0.0105962
N40095,2017,884,1,Ranch1,_77146,Ranch1_77146,-0.00330735,-0.0313452
N40096,2017,866,1,Ranch1,_77146,Ranch1_77146,0.00259358,-0.0130808
N40097,2017,840,1,Ranch1,_77146,Ranch1_77146,-0.00774953,-0.00603907
N40098,2017,801,1,Ranch1,_77146,Ranch1_77146,-0.00744711,-0.0499631
N40099,2017,869,1,Ranch1,_77146,Ranch1_77146,0.00131973,-0.0234404
N40100,2017,877,1,Ranch1,_77146,Ranch1_77146,-0.0019298,0.0706975
N40101,2017,793,1,Ranch1,_77146,Ranch1_77146,-0.0012778,-0.0130079
N40104,2017,852,1,Ranch1,_77146,Ranch1_77146,-0.0119398,0.00182684
N40105,2017,1020,1,Ranch1,_77146,Ranch1_77146,-0.00483932,-0.0152187
N40106,2017,760,1,Ranch1,_77146,Ranch1_77146,-0.00879465,-0.0117493
N40107,2017,869,1,Ranch1,_77146,Ranch1_77146,0.0035715,-0.027803
N40108,2017,860,1,Ranch1,_77146,Ranch1_77146,0.00580851,0.0520304
N40109,2017,764,1,Ranch1,_77146,Ranch1_77146,-0.00590525,0.0495645
N40110,2017,961,1,Ranch1,_77146,Ranch1_77146,-0.0133775,-0.042256
N40111,2017,784,1,Ranch1,_77146,Ranch1_77146,-0.00648125,0.0815637
N50001,2017,883,33,STOFI-StThom,_7566,STOFI-StThom_7566,-0.0084726,0.0597975
N50002,2017,826,13,Ranch2,_7566,Ranch2_7566,0.00796495,-0.0321989
N50004,2017,760,2,Ranch11,_7566,Ranch11_7566,0.0157325,-0.0731763
N50005,2017,805,13,Ranch2,_7566,Ranch2_7566,0.0087322,0.0345979
N50006,2017,903,33,STOFI-StThom,_7566,STOFI-StThom_7566,-0.00528056,-0.0205099
N50007,2017,711,33,STOFI-StThom,_7566,STOFI-StThom_7566,0.00312796,0.0386643
N50008,2017,836,2,Ranch11,_7566,Ranch11_7566,0.0119002,-0.0559787
N50009,2017,752,33,STOFI-StThom,_7566,STOFI-StThom_7566,0.0147243,-0.0116881
N50010,2017,894,22,Ranch5,_7566,Ranch5_7566,-0.0107529,0.00761184
N50011,2017,780,33,STOFI-StThom,_7566,STOFI-StThom_7566,-0.00869138,0.0346799
N50012,2017,893,8,Ranch14,_7566,Ranch14_7566,0.00938863,0.0120081
N50013,2017,921,8,Ranch14,_7566,Ranch14_7566,0.000724717,0.0382771
N50014,2017,861,22,Ranch5,_7566,Ranch5_7566,0.0125082,-0.0120371
N50015,2017,709,33,STOFI-StThom,_7566,STOFI-StThom_7566,-0.00516835,0.0462844
N50016,2017,888,22,Ranch5,_7566,Ranch5_7566,0.00517894,0.000485611
N50017,2017,864,2,Ranch11,_7566,Ranch11_7566,0.00767554,-0.0313632
N50018,2017,805,2,Ranch11,_7566,Ranch11_7566,0.00674948,-0.027846
N50019,2017,766,33,STOFI-StThom,_7566,STOFI-StThom_7566,-0.00661458,0.0136593
N50020,2017,953,22,Ranch5,_7566,Ranch5_7566,0.0108793,-0.0484594
N50021,2017,853,22,Ranch5,_7566,Ranch5_7566,0.00418513,-0.0308428
N50022,2017,835,2,Ranch11,_7566,Ranch11_7566,-0.000845112,-0.00207027
N50023,2017,840,13,Ranch2,_7566,Ranch2_7566,-0.00499174,-0.0252142
N50024,2017,789,33,STOFI-StThom,_7566,STOFI-StThom_7566,-0.00685698,0.0565452
N50025,2017,728,33,STOFI-StThom,_7566,STOFI-StThom_7566,-0.0101809,-0.0102502
N50026,2017,842,2,Ranch11,_7566,Ranch11_7566,0.0122604,-0.0603048
N50027,2017,916,2,Ranch11,_7566,Ranch11_7566,-0.00353654,-0.0062945
N50028,2017,781,22,Ranch5,_7566,Ranch5_7566,0.00307412,-0.00390414
N50029,2017,854,33,STOFI-StThom,_7566,STOFI-StThom_7566,-0.00484841,-0.0142715
N50030,2017,880,22,Ranch5,_7566,Ranch5_7566,-0.00259132,-0.00130787
N50031,2017,912,13,Ranch2,_7566,Ranch2_7566,0.0115004,-0.00696545
N50032,2017,879,33,STOFI-StThom,_7566,STOFI-StThom_7566,-0.00487578,-0.0207053
N50033,2017,799,2,Ranch11,_7566,Ranch11_7566,-0.0095062,-0.00253499
N50034,2017,756,2,Ranch11,_7566,Ranch11_7566,0.00915933,-0.0517837
N50035,2017,779,2,Ranch11,_7566,Ranch11_7566,0.0045011,-0.0112114
N50036,2017,913,2,Ranch11,_7566,Ranch11_7566,0.000216048,-0.0194297
N50037,2017,888,2,Ranch11,_7566,Ranch11_7566,-0.00887708,0.000299677
N50038,2017,723,4,Ranch11,_7606,Ranch11_7606,0.00798597,-0.0187372
N50039,2017,818,6,Ranch12,_7626,Ranch12_7626,0.000343581,-0.0162491
N50040,2017,788,17,Ranch2,_7626,Ranch2_7626,-0.00825434,0.0487645
N50041,2017,752,6,Ranch12,_7626,Ranch12_7626,0.00355963,-0.0191946
N50042,2017,708,34,STOFI-StThom,_7596,STOFI-StThom_7596,0.00101235,0.0196122
N50043,2017,752,15,Ranch2,_7596,Ranch2_7596,0.00237308,0.00673432
N50044,2017,804,5,Ranch12,_7606,Ranch12_7606,-0.0114786,-0.0208489
N50045,2017,773,16,Ranch2,_7606,Ranch2_7606,0.0099601,-0.0117316
N50046,2017,750,17,Ranch2,_7626,Ranch2_7626,0.00628305,0.0354586
N50047,2017,819,4,Ranch11,_7606,Ranch11_7606,-0.00882174,0.012035
N50048,2017,711,34,STOFI-StThom,_7596,STOFI-StThom_7596,-0.00832874,0.0242508
N50049,2017,922,34,STOFI-StThom,_7596,STOFI-StThom_7596,0.00814562,0.00612546
N50050,2017,792,5,Ranch12,_7606,Ranch12_7606,-0.00761308,-0.0250166
N50051,2017,821,6,Ranch12,_7626,Ranch12_7626,0.00687007,-0.0223999
N50052,2017,828,17,Ranch2,_7626,Ranch2_7626,-0.00555411,-0.0147654
N50053,2017,848,17,Ranch2,_7626,Ranch2_7626,0.0099803,0.0333477
N50054,2017,730,15,Ranch2,_7596,Ranch2_7596,0.00223842,-0.000580084
N50055,2017,605,34,STOFI-StThom,_7596,STOFI-StThom_7596,-0.00835116,0.0473257
N50056,2017,667,34,STOFI-StThom,_7596,STOFI-StThom_7596,0.00296852,-0.00669929
N50057,2017,781,6,Ranch12,_7626,Ranch12_7626,-0.00482815,-0.0181826
N50058,2017,639,34,STOFI-StThom,_7596,STOFI-StThom_7596,0.014921,0.000558277
N50059,2017,670,34,STOFI-StThom,_7596,STOFI-StThom_7596,0.00623673,-0.0465108
N50060,2017,799,34,STOFI-StThom,_7596,STOFI-StThom_7596,0.00367435,0.0115164
N50061,2017,747,17,Ranch2,_7626,Ranch2_7626,-0.00616448,0.0536889
N50062,2017,697,34,STOFI-StThom,_7596,STOFI-StThom_7596,0.00127417,-0.0123216
N50063,2017,777,34,STOFI-StThom,_7596,STOFI-StThom_7596,-0.00951134,0.0161838
N50064,2017,828,17,Ranch2,_7626,Ranch2_7626,-0.00486896,-0.0285127
N50065,2017,811,15,Ranch2,_7596,Ranch2_7596,-0.00127578,-0.00988189
N50066,2017,812,6,Ranch12,_7626,Ranch12_7626,-0.00825822,-0.0199355
N50067,2017,795,17,Ranch2,_7626,Ranch2_7626,-0.0029726,-0.032201
N50068,2017,819,24,Ranch5,_7606,Ranch5_7606,-0.00227312,-0.0303887
N50069,2017,701,34,STOFI-StThom,_7596,STOFI-StThom_7596,0.0167004,-0.0359263
N50070,2017,808,15,Ranch2,_7596,Ranch2_7596,-0.00332183,-0.00165529
N50071,2017,836,15,Ranch2,_7596,Ranch2_7596,-0.00425158,0.000379109
N50073,2017,762,34,STOFI-StThom,_7596,STOFI-StThom_7596,-0.000483296,0.0390931
N50074,2017,819,34,STOFI-StThom,_7596,STOFI-StThom_7596,-0.0112519,0.025278
N50075,2017,733,34,STOFI-StThom,_7596,STOFI-StThom_7596,-0.00945244,0.0561153
N50076,2017,746,16,Ranch2,_7606,Ranch2_7606,-0.0063577,0.000641989
N50077,2017,813,28,STOFI-Bright,_7186,STOFI-Bright_7186,0.00968849,-0.0116556
N50078,2017,923,28,STOFI-Bright,_7186,STOFI-Bright_7186,0.000583457,0.0385944
N50079,2017,1028,19,Ranch3,_7186,Ranch3_7186,-0.000284612,-0.0537781
N50080,2017,1009,28,STOFI-Bright,_7186,STOFI-Bright_7186,0.000292462,-0.0237435
N50081,2017,951,19,Ranch3,_7186,Ranch3_7186,-0.00848886,-0.046627
N50082,2017,770,19,Ranch3,_7186,Ranch3_7186,0.0010645,0.027097
N50083,2017,832,28,STOFI-Bright,_7186,STOFI-Bright_7186,0.00385117,0.0311004
N50085,2017,912,19,Ranch3,_7186,Ranch3_7186,-0.00125964,-0.0216579
N50086,2017,993,19,Ranch3,_7186,Ranch3_7186,-0.0120926,0.00517433
N50088,2017,969,19,Ranch3,_7186,Ranch3_7186,-0.0081912,-0.0303124
N50089,2017,948,19,Ranch3,_7186,Ranch3_7186,0.00165249,0.0403637
N50090,2017,917,19,Ranch3,_7186,Ranch3_7186,-0.00180695,0.0208446
N50091,2017,868,28,STOFI-Bright,_7186,STOFI-Bright_7186,-0.00140177,0.0105921
N50092,2017,834,28,STOFI-Bright,_7186,STOFI-Bright_7186,0.00767537,0.0292118
N50093,2017,845,28,STOFI-Bright,_7186,STOFI-Bright_7186,-0.00943227,0.0575521
N50094,2017,829,19,Ranch3,_7186,Ranch3_7186,-0.00133905,-0.0422664
N50095,2017,955,28,STOFI-Bright,_7186,STOFI-Bright_7186,-0.00748745,0.0121803
N50097,2017,910,19,Ranch3,_7186,Ranch3_7186,-0.00560926,-0.0306599
N50098,2017,850,28,STOFI-Bright,_7186,STOFI-Bright_7186,-0.0122783,0.00971711
N50099,2017,927,19,Ranch3,_7186,Ranch3_7186,-9.36E-05,0.00808552
N50100,2017,850,19,Ranch3,_7186,Ranch3_7186,-0.004286,-0.0261554
N50101,2017,880,19,Ranch3,_7186,Ranch3_7186,0.00719874,0.0119303
N50102,2017,859,28,STOFI-Bright,_7186,STOFI-Bright_7186,-0.00329615,0.0127678
N50104,2017,809,19,Ranch3,_7186,Ranch3_7186,-0.00556677,-0.0182683
N50105,2017,803,19,Ranch3,_7186,Ranch3_7186,-0.00191716,-0.0271039
N50106,2017,914,28,STOFI-Bright,_7186,STOFI-Bright_7186,-0.00153195,-0.015006
N50107,2017,794,19,Ranch3,_7186,Ranch3_7186,-0.00435739,-0.0638781
N50108,2017,866,19,Ranch3,_7186,Ranch3_7186,-0.00296,-0.00324911
N50109,2017,877,28,STOFI-Bright,_7186,STOFI-Bright_7186,-0.00610843,0.0279122
N50110,2017,923,19,Ranch3,_7186,Ranch3_7186,-0.00389737,-0.0407234
N60001,2017,848,17,Ranch2,_7626,Ranch2_7626,-0.00273378,-0.00723013
N60002,2017,881,16,Ranch2,_7606,Ranch2_7606,-0.00228841,-0.00911952
N60003,2017,741,17,Ranch2,_7626,Ranch2_7626,-0.00607548,0.00132541
N60004,2017,796,16,Ranch2,_7606,Ranch2_7606,-0.00634532,-0.0121863
N60005,2017,755,17,Ranch2,_7626,Ranch2_7626,-0.00328636,-0.00577019
N60006,2017,883,16,Ranch2,_7606,Ranch2_7606,0.0288676,0.0223778
N60007,2017,719,24,Ranch5,_7606,Ranch5_7606,0.00147313,-0.0263813
N60008,2017,800,17,Ranch2,_7626,Ranch2_7626,-0.0019078,0.0497217
N60009,2017,819,16,Ranch2,_7606,Ranch2_7606,-0.000995475,-0.0221865
N60010,2017,696,17,Ranch2,_7626,Ranch2_7626,-0.00127197,-0.00968691
N60011,2017,829,16,Ranch2,_7606,Ranch2_7606,-0.00607384,-0.0391748
N60012,2017,768,4,Ranch11,_7606,Ranch11_7606,0.00761979,-0.0117997
N60013,2017,907,16,Ranch2,_7606,Ranch2_7606,-0.0119039,-0.0187112
N60014,2017,808,17,Ranch2,_7626,Ranch2_7626,-0.0047951,-0.00534304
N60015,2017,802,17,Ranch2,_7626,Ranch2_7626,-0.00513068,0.0207475
N60016,2017,857,17,Ranch2,_7626,Ranch2_7626,-0.00778893,0.0163617
N60017,2017,757,17,Ranch2,_7626,Ranch2_7626,0.000719479,-0.00957729
N60018,2017,851,5,Ranch12,_7606,Ranch12_7606,-0.00504796,-0.000759679
N60019,2017,915,5,Ranch12,_7606,Ranch12_7606,-0.00425621,-0.037358
N60020,2017,815,5,Ranch12,_7606,Ranch12_7606,0.00385704,-0.0231807
N60021,2017,685,6,Ranch12,_7626,Ranch12_7626,-0.00132014,-0.0395017
N60022,2017,753,17,Ranch2,_7626,Ranch2_7626,0.0045671,-0.0362226
N60023,2017,811,17,Ranch2,_7626,Ranch2_7626,-0.0119252,-0.0214727
N60024,2017,888,16,Ranch2,_7606,Ranch2_7606,-0.00482542,-0.00198596
N60025,2017,767,6,Ranch12,_7626,Ranch12_7626,-0.00104413,-0.0271567
N60027,2017,753,17,Ranch2,_7626,Ranch2_7626,-0.00668744,-0.0410109
N60028,2017,897,17,Ranch2,_7626,Ranch2_7626,-0.0117024,-0.0393344
N60029,2017,827,17,Ranch2,_7626,Ranch2_7626,-0.00823135,-0.00888587
N60030,2017,901,24,Ranch5,_7606,Ranch5_7606,-0.0023936,0.0568747
N60031,2017,787,16,Ranch2,_7606,Ranch2_7606,-0.00557415,-0.022868
N60032,2017,829,6,Ranch12,_7626,Ranch12_7626,-0.00543116,-0.0400888
N60033,2017,808,17,Ranch2,_7626,Ranch2_7626,-0.0125089,-2.49E-05
N60034,2017,816,4,Ranch11,_7606,Ranch11_7606,0.0127308,0.0106404
N60035,2017,737,5,Ranch12,_7606,Ranch12_7606,0.000759735,-0.0219531
N60036,2017,878,17,Ranch2,_7626,Ranch2_7626,-0.0138264,-0.0391614
N60037,2017,778,6,Ranch12,_7626,Ranch12_7626,-0.00114815,-0.0206403
N60038,2017,737,7,Ranch13,_7096,Ranch13_7096,0.004946,-0.00817768
N60039,2017,696,7,Ranch13,_7096,Ranch13_7096,-0.00661642,-0.0356544
N60040,2017,888,7,Ranch13,_7096,Ranch13_7096,0.0031927,0.00513436
N60041,2017,967,7,Ranch13,_7096,Ranch13_7096,-0.00565231,-0.0239793
N60042,2017,726,7,Ranch13,_7096,Ranch13_7096,-0.00274651,-0.00383047
N60043,2017,841,7,Ranch13,_7096,Ranch13_7096,0.00658023,-0.0224798
N60044,2017,793,7,Ranch13,_7096,Ranch13_7096,0.00528094,-0.00596691
N60045,2017,725,7,Ranch13,_7096,Ranch13_7096,-0.00501509,-0.0521744
N60046,2017,828,7,Ranch13,_7096,Ranch13_7096,0.00251858,-0.0348061
N60047,2017,804,7,Ranch13,_7096,Ranch13_7096,0.00500357,-0.00494134
N60048,2017,860,7,Ranch13,_7096,Ranch13_7096,-0.00771115,0.00185538
N60049,2017,731,7,Ranch13,_7096,Ranch13_7096,0.000636532,-0.0124767
N60050,2017,834,7,Ranch13,_7096,Ranch13_7096,-0.00999189,-0.0328885
N60051,2017,749,7,Ranch13,_7096,Ranch13_7096,0.00321921,-0.00898125
N60052,2017,818,7,Ranch13,_7096,Ranch13_7096,-0.00642477,-0.0183762
N60053,2017,861,7,Ranch13,_7096,Ranch13_7096,0.00678817,-0.0227537
N60054,2017,786,24,Ranch5,_7606,Ranch5_7606,-0.00364916,-0.00879788
N60055,2017,845,7,Ranch13,_7096,Ranch13_7096,-0.00777095,-0.0384915
N60056,2017,893,7,Ranch13,_7096,Ranch13_7096,0.00156803,0.00424367
N60057,2017,917,7,Ranch13,_7096,Ranch13_7096,-0.00544306,-0.0187426
N60058,2017,891,7,Ranch13,_7096,Ranch13_7096,0.00430241,-0.0408858
N60059,2017,915,7,Ranch13,_7096,Ranch13_7096,-0.00672793,-0.03432
N60060,2017,831,7,Ranch13,_7096,Ranch13_7096,-0.006098,-0.0280208
N60061,2017,979,7,Ranch13,_7096,Ranch13_7096,0.00655482,0.00751801
N60062,2017,900,7,Ranch13,_7096,Ranch13_7096,-0.006078,-0.031355
N60063,2017,771,7,Ranch13,_7096,Ranch13_7096,0.00319288,-0.0262491
N60064,2017,816,7,Ranch13,_7096,Ranch13_7096,-0.00840027,-0.0230043
N60065,2017,744,7,Ranch13,_7096,Ranch13_7096,-0.00856826,-0.0236142
N60066,2017,743,7,Ranch13,_7096,Ranch13_7096,-0.00696907,-0.0458713
N60067,2017,760,7,Ranch13,_7096,Ranch13_7096,-0.000650138,0.00871699
N60068,2017,924,7,Ranch13,_7096,Ranch13_7096,0.00292323,-0.00456141
N60069,2017,782,7,Ranch13,_7096,Ranch13_7096,0.00189823,-0.00540696
N60070,2017,887,7,Ranch13,_7096,Ranch13_7096,0.00115919,-0.0392395
N60071,2017,902,7,Ranch13,_7096,Ranch13_7096,-0.00126555,-0.0176132
N60072,2017,877,7,Ranch13,_7096,Ranch13_7096,0.00978564,-0.0178789
N60073,2017,893,7,Ranch13,_7096,Ranch13_7096,-0.00641428,-0.028192
N60074,2017,726,7,Ranch13,_7096,Ranch13_7096,0.000665902,-0.0232844
N60075,2017,901,7,Ranch13,_7096,Ranch13_7096,-0.0126164,-0.0138495
N60076,2017,784,7,Ranch13,_7096,Ranch13_7096,-0.00504898,-0.0334021
N60077,2017,872,7,Ranch13,_7096,Ranch13_7096,-0.00400574,-0.0387792
N60078,2017,838,7,Ranch13,_7096,Ranch13_7096,-0.00325058,-0.0247066
N60079,2017,850,7,Ranch13,_7096,Ranch13_7096,-0.000712335,-0.00759596
N60080,2017,829,7,Ranch13,_7096,Ranch13_7096,-0.00416515,-0.0353594
N60081,2017,773,7,Ranch13,_7096,Ranch13_7096,-0.00320478,-0.0445708
N60082,2017,762,7,Ranch13,_7096,Ranch13_7096,-0.0050172,-0.0438967
N60083,2017,863,7,Ranch13,_7096,Ranch13_7096,0.00055911,-0.0385729
N60084,2017,758,7,Ranch13,_7096,Ranch13_7096,-0.00199881,0.0076327
N60085,2017,922,7,Ranch13,_7096,Ranch13_7096,-0.00408784,-0.0341025
N60086,2017,793,7,Ranch13,_7096,Ranch13_7096,-0.000819476,-0.0212121
N60087,2017,730,7,Ranch13,_7096,Ranch13_7096,0.00393324,-0.0609825
N60088,2017,947,7,Ranch13,_7096,Ranch13_7096,0.00296948,0.0013968
N60089,2017,862,7,Ranch13,_7096,Ranch13_7096,0.00276135,0.00319451
N60090,2017,792,7,Ranch13,_7096,Ranch13_7096,0.00915311,0.00393682
N60091,2017,739,7,Ranch13,_7096,Ranch13_7096,0.0031823,0.00336002
N60093,2017,876,7,Ranch13,_7096,Ranch13_7096,-0.00980639,-0.0316771
N60094,2017,799,7,Ranch13,_7096,Ranch13_7096,-0.00317363,-0.0463578
N60095,2017,829,7,Ranch13,_7096,Ranch13_7096,0.00210716,-0.0146236
N60096,2017,846,7,Ranch13,_7096,Ranch13_7096,-0.00216536,-0.0240073
N60097,2017,790,7,Ranch13,_7096,Ranch13_7096,-0.00192855,-0.0272059
N60098,2017,854,7,Ranch13,_7096,Ranch13_7096,-0.00137129,0.00146505
N60099,2017,882,7,Ranch13,_7096,Ranch13_7096,0.0059864,-0.020567
N60100,2017,822,7,Ranch13,_7096,Ranch13_7096,-0.0076694,-0.0210227
N60101,2017,745,7,Ranch13,_7096,Ranch13_7096,0.00197458,-0.0209132
N60102,2017,820,7,Ranch13,_7096,Ranch13_7096,0.00415982,-0.0151759
N60103,2017,833,7,Ranch13,_7096,Ranch13_7096,-0.00528247,-0.0516241
N60104,2017,690,7,Ranch13,_7096,Ranch13_7096,0.00513306,-0.0174231
N60105,2017,855,7,Ranch13,_7096,Ranch13_7096,-0.000720013,-0.0313881
N60106,2017,727,7,Ranch13,_7096,Ranch13_7096,-0.00187948,0.0116792
N60107,2017,968,7,Ranch13,_7096,Ranch13_7096,-4.00E-05,-0.0089213
N60108,2017,822,7,Ranch13,_7096,Ranch13_7096,0.00326351,0.01184
N60109,2017,830,7,Ranch13,_7096,Ranch13_7096,-0.00554088,-0.0275111
N60110,2017,882,7,Ranch13,_7096,Ranch13_7096,-0.000324134,-0.00699789
N60111,2017,1048,7,Ranch13,_7096,Ranch13_7096,0.00272647,0.00137619
N60112,2017,776,7,Ranch13,_7096,Ranch13_7096,-0.00767128,-0.0316068
N60113,2017,721,7,Ranch13,_7096,Ranch13_7096,-0.0128529,-0.0407382
N60114,2017,819,7,Ranch13,_7096,Ranch13_7096,-0.00540736,-4.01E-05
N70001,2017,935,30,STOFI-Bright,_7206FF33,STOFI-Bright_7206FF33,-0.0116245,0.0362141
N70004,2017,884,30,STOFI-Bright,_7206FF33,STOFI-Bright_7206FF33,-0.00733833,0.0485907
N70005,2017,861,30,STOFI-Bright,_7206FF33,STOFI-Bright_7206FF33,-0.00478636,0.033933
N70006,2017,903,30,STOFI-Bright,_7206FF33,STOFI-Bright_7206FF33,-0.00948545,0.0543859
N70007,2017,906,30,STOFI-Bright,_7206FF33,STOFI-Bright_7206FF33,-0.0123351,0.0680163
N70008,2017,837,30,STOFI-Bright,_7206FF33,STOFI-Bright_7206FF33,-0.000190878,0.0514318
N70009,2017,938,30,STOFI-Bright,_7206FF33,STOFI-Bright_7206FF33,-0.00988082,0.0433672
N70010,2017,854,30,STOFI-Bright,_7206FF33,STOFI-Bright_7206FF33,-0.00834608,0.0199694
N70011,2017,768,30,STOFI-Bright,_7206FF33,STOFI-Bright_7206FF33,-0.00694852,0.0321912
N70012,2017,901,30,STOFI-Bright,_7206FF33,STOFI-Bright_7206FF33,-0.00624787,0.0283739
N70013,2017,807,30,STOFI-Bright,_7206FF33,STOFI-Bright_7206FF33,-0.0112691,0.0579113
N70014,2017,811,30,STOFI-Bright,_7206FF33,STOFI-Bright_7206FF33,-0.00279665,0.0348652
N70015,2017,921,30,STOFI-Bright,_7206FF33,STOFI-Bright_7206FF33,0.0166167,0.0454986
N70016,2017,737,30,STOFI-Bright,_7206FF33,STOFI-Bright_7206FF33,-0.0111893,0.0305121
N70017,2017,803,30,STOFI-Bright,_7206FF33,STOFI-Bright_7206FF33,-0.00153593,0.00645398
N70018,2017,809,30,STOFI-Bright,_7206FF33,STOFI-Bright_7206FF33,-0.00295236,0.0242886
N70019,2017,775,30,STOFI-Bright,_7206FF33,STOFI-Bright_7206FF33,0.00233565,0.00636197
N70020,2017,799,30,STOFI-Bright,_7206FF33,STOFI-Bright_7206FF33,-0.0140948,-0.00280561
N70021,2017,846,30,STOFI-Bright,_7206FF33,STOFI-Bright_7206FF33,-0.0113095,0.0727058
N70022,2017,881,30,STOFI-Bright,_7206FF33,STOFI-Bright_7206FF33,-0.00798762,0.0348891
N70023,2017,849,30,STOFI-Bright,_7206FF33,STOFI-Bright_7206FF33,-0.00784336,0.0103508
N70024,2017,917,30,STOFI-Bright,_7206FF33,STOFI-Bright_7206FF33,-0.0102919,0.0357086
N70025,2017,922,30,STOFI-Bright,_7206FF33,STOFI-Bright_7206FF33,0.00219085,-0.0398971
N70026,2017,815,30,STOFI-Bright,_7206FF33,STOFI-Bright_7206FF33,-0.00895822,0.0199438
N70028,2017,812,30,STOFI-Bright,_7206FF33,STOFI-Bright_7206FF33,-0.00109441,0.0377313
N70029,2017,966,30,STOFI-Bright,_7206FF33,STOFI-Bright_7206FF33,-0.00283222,0.0270521
N70030,2017,820,30,STOFI-Bright,_7206FF33,STOFI-Bright_7206FF33,-0.00761995,-0.0284582
N70031,2017,830,30,STOFI-Bright,_7206FF33,STOFI-Bright_7206FF33,-0.0114466,0.0596778
N70032,2017,757,30,STOFI-Bright,_7206FF33,STOFI-Bright_7206FF33,-0.00408831,0.041279
N70033,2017,716,30,STOFI-Bright,_7206FF33,STOFI-Bright_7206FF33,-0.00149948,-0.0221969
N70034,2017,838,30,STOFI-Bright,_7206FF33,STOFI-Bright_7206FF33,-0.0107657,0.0566301
N70037,2017,862,30,STOFI-Bright,_7206FF33,STOFI-Bright_7206FF33,-0.00499288,-0.0254794
N70038,2017,878,30,STOFI-Bright,_7206FF33,STOFI-Bright_7206FF33,-0.00303799,0.0414438
N70040,2017,905,30,STOFI-Bright,_7206FF33,STOFI-Bright_7206FF33,-0.010735,0.00463106
N70041,2017,764,30,STOFI-Bright,_7206FF33,STOFI-Bright_7206FF33,-0.00841664,-0.0381476
N70042,2017,902,30,STOFI-Bright,_7206FF33,STOFI-Bright_7206FF33,0.00394307,-0.00795124
N70043,2017,880,30,STOFI-Bright,_7206FF33,STOFI-Bright_7206FF33,0.000163634,0.0279731
N70044,2017,910,30,STOFI-Bright,_7206FF33,STOFI-Bright_7206FF33,-0.0092751,0.0256676
N70045,2017,784,30,STOFI-Bright,_7206FF33,STOFI-Bright_7206FF33,-0.0109332,0.023049
N70046,2017,738,30,STOFI-Bright,_7206FF33,STOFI-Bright_7206FF33,0.000381194,0.020357
N70047,2017,774,30,STOFI-Bright,_7206FF33,STOFI-Bright_7206FF33,0.00215563,0.0289035
N70049,2017,768,30,STOFI-Bright,_7206FF33,STOFI-Bright_7206FF33,-0.00928573,0.0476575
N70050,2017,778,30,STOFI-Bright,_7206FF33,STOFI-Bright_7206FF33,-0.00897129,0.0601623
N70051,2017,842,30,STOFI-Bright,_7206FF33,STOFI-Bright_7206FF33,0.00109544,0.0306625
N70052,2017,817,30,STOFI-Bright,_7206FF33,STOFI-Bright_7206FF33,-0.00357516,0.00462549
N70054,2017,751,30,STOFI-Bright,_7206FF33,STOFI-Bright_7206FF33,-0.0066605,0.0152852
N70056,2017,800,30,STOFI-Bright,_7206FF33,STOFI-Bright_7206FF33,0.00117714,0.0440981
N70057,2017,775,30,STOFI-Bright,_7206FF33,STOFI-Bright_7206FF33,0.00785608,0.022303
N70058,2017,902,30,STOFI-Bright,_7206FF33,STOFI-Bright_7206FF33,-0.00343162,-0.0254205
N70059,2017,756,30,STOFI-Bright,_7206FF33,STOFI-Bright_7206FF33,-0.0102446,0.0333503
N70060,2017,812,30,STOFI-Bright,_7206FF33,STOFI-Bright_7206FF33,-0.0132454,-0.00970397
N70061,2017,917,30,STOFI-Bright,_7206FF33,STOFI-Bright_7206FF33,-0.00353174,0.0251319
N70062,2017,805,30,STOFI-Bright,_7206FF33,STOFI-Bright_7206FF33,0.00519232,0.00403242
N70063,2017,798,30,STOFI-Bright,_7206FF33,STOFI-Bright_7206FF33,-0.00620702,0.0113875
N70064,2017,780,30,STOFI-Bright,_7206FF33,STOFI-Bright_7206FF33,-0.00185541,-0.0274256
N70065,2017,894,30,STOFI-Bright,_7206FF33,STOFI-Bright_7206FF33,-0.00021614,-0.0256478
N70066,2017,980,30,STOFI-Bright,_7206FF33,STOFI-Bright_7206FF33,-0.01207,0.0445671
N70067,2017,792,30,STOFI-Bright,_7206FF33,STOFI-Bright_7206FF33,-0.00176237,0.0344926
N70068,2017,748,30,STOFI-Bright,_7206FF33,STOFI-Bright_7206FF33,-0.0014098,0.00592223
N70069,2017,876,30,STOFI-Bright,_7206FF33,STOFI-Bright_7206FF33,-0.0117144,0.026099
N70070,2017,773,30,STOFI-Bright,_7206FF33,STOFI-Bright_7206FF33,0.000631161,0.00518773
N70072,2017,833,30,STOFI-Bright,_7206FF33,STOFI-Bright_7206FF33,-0.00265609,0.017944
N70073,2017,754,30,STOFI-Bright,_7206FF33,STOFI-Bright_7206FF33,-0.00937235,0.037938
N70074,2017,843,30,STOFI-Bright,_7206FF33,STOFI-Bright_7206FF33,-0.000981596,-0.00560606
N80002,2017,821,27,STOFI-BigCyp,_7067,STOFI-BigCyp_7067,0.000753818,0.0500394
N80003,2017,774,27,STOFI-BigCyp,_7067,STOFI-BigCyp_7067,0.0118873,-0.0610982
N80005,2017,825,27,STOFI-BigCyp,_7067,STOFI-BigCyp_7067,0.0165242,-0.0363193
N80006,2017,810,27,STOFI-BigCyp,_7067,STOFI-BigCyp_7067,-0.00343497,0.0170062
N80008,2017,873,27,STOFI-BigCyp,_7067,STOFI-BigCyp_7067,-0.00476882,-0.0117346
N80009,2017,880,27,STOFI-BigCyp,_7067,STOFI-BigCyp_7067,0.000620168,0.00845833
N80010,2017,851,27,STOFI-BigCyp,_7067,STOFI-BigCyp_7067,-0.0108643,0.0281318
N80011,2017,887,27,STOFI-BigCyp,_7067,STOFI-BigCyp_7067,0.00291011,-0.0108172
N80012,2017,827,27,STOFI-BigCyp,_7067,STOFI-BigCyp_7067,-0.00373059,0.00647929
N80014,2017,855,27,STOFI-BigCyp,_7067,STOFI-BigCyp_7067,-0.00721909,0.000850365
N80015,2017,904,27,STOFI-BigCyp,_7067,STOFI-BigCyp_7067,0.0065617,-0.0232799
N80016,2017,858,27,STOFI-BigCyp,_7067,STOFI-BigCyp_7067,-0.00568761,0.037275
N80017,2017,912,27,STOFI-BigCyp,_7067,STOFI-BigCyp_7067,0.0180624,-0.00956427
N80018,2017,1114,27,STOFI-BigCyp,_7067,STOFI-BigCyp_7067,-0.000856932,-0.0282899
N80019,2017,1075,27,STOFI-BigCyp,_7067,STOFI-BigCyp_7067,-0.00833687,-0.0289334
N80020,2017,910,27,STOFI-BigCyp,_7067,STOFI-BigCyp_7067,-0.008962,0.0524295
N80021,2017,832,27,STOFI-BigCyp,_7067,STOFI-BigCyp_7067,0.0036926,-0.0146308
N80022,2017,832,27,STOFI-BigCyp,_7067,STOFI-BigCyp_7067,-0.00546402,0.000797794
N80023,2017,912,27,STOFI-BigCyp,_7067,STOFI-BigCyp_7067,0.650402,0.0342526
N80024,2017,890,27,STOFI-BigCyp,_7067,STOFI-BigCyp_7067,0.00841715,0.00527416
N80025,2017,897,27,STOFI-BigCyp,_7067,STOFI-BigCyp_7067,0.00574407,0.0336545
N80026,2017,772,27,STOFI-BigCyp,_7067,STOFI-BigCyp_7067,-0.0101248,0.0410652
N80027,2017,872,27,STOFI-BigCyp,_7067,STOFI-BigCyp_7067,-0.00464251,-0.0282412
N80028,2017,872,27,STOFI-BigCyp,_7067,STOFI-BigCyp_7067,-0.000304895,0.0167972
N80029,2017,716,27,STOFI-BigCyp,_7067,STOFI-BigCyp_7067,-0.00177325,0.0200398
N80030,2017,770,30,STOFI-Bright,_7206FF33,STOFI-Bright_7206FF33,-0.0061792,0.0232087
N80031,2017,737,30,STOFI-Bright,_7206FF33,STOFI-Bright_7206FF33,-0.000972619,0.0173549
N80032,2017,845,30,STOFI-Bright,_7206FF33,STOFI-Bright_7206FF33,-0.00818428,-0.0256211
N80033,2017,832,27,STOFI-BigCyp,_7067,STOFI-BigCyp_7067,0.00349674,-0.00587927
N80035,2017,742,30,STOFI-Bright,_7206FF33,STOFI-Bright_7206FF33,0.00657969,0.0103067
N80036,2017,783,30,STOFI-Bright,_7206FF33,STOFI-Bright_7206FF33,-0.0128291,0.0475763
N80037,2017,931,30,STOFI-Bright,_7206FF33,STOFI-Bright_7206FF33,-0.00572082,-0.0149249
N80038,2017,872,30,STOFI-Bright,_7206FF33,STOFI-Bright_7206FF33,-0.00696747,-0.00325827
N80039,2017,920,30,STOFI-Bright,_7206FF33,STOFI-Bright_7206FF33,-0.0116572,-0.0180268
N80040,2017,886,30,STOFI-Bright,_7206FF33,STOFI-Bright_7206FF33,-0.00470913,0.0317605
N80041,2017,786,30,STOFI-Bright,_7206FF33,STOFI-Bright_7206FF33,-0.0109323,0.02189
N80042,2017,783,30,STOFI-Bright,_7206FF33,STOFI-Bright_7206FF33,-0.00414169,0.000899862
N80043,2017,790,30,STOFI-Bright,_7206FF33,STOFI-Bright_7206FF33,-0.00165432,0.0223832
N80044,2017,895,27,STOFI-BigCyp,_7067,STOFI-BigCyp_7067,0.0190391,0.00987045
N80045,2017,910,30,STOFI-Bright,_7206FF33,STOFI-Bright_7206FF33,-0.00581383,0.0143377
N80046,2017,817,30,STOFI-Bright,_7206FF33,STOFI-Bright_7206FF33,-0.00888122,0.032417
N80047,2017,711,30,STOFI-Bright,_7206FF33,STOFI-Bright_7206FF33,0.0109134,0.00411495
N80048,2017,854,30,STOFI-Bright,_7206FF33,STOFI-Bright_7206FF33,0.00291312,0.0377125
N80049,2017,940,27,STOFI-BigCyp,_7067,STOFI-BigCyp_7067,-0.00784488,0.00474098
N80050,2017,755,27,STOFI-BigCyp,_7067,STOFI-BigCyp_7067,-0.00244167,0.0304478
N80051,2017,786,30,STOFI-Bright,_7206FF33,STOFI-Bright_7206FF33,-0.0121772,0.0308266
N80052,2017,774,30,STOFI-Bright,_7206FF33,STOFI-Bright_7206FF33,-0.00161307,0.0166078
N80054,2017,824,27,STOFI-BigCyp,_7067,STOFI-BigCyp_7067,-0.00419419,0.0214036
N80055,2017,1083,27,STOFI-BigCyp,_7067,STOFI-BigCyp_7067,-0.0152576,-0.041447
N80057,2017,767,30,STOFI-Bright,_7206FF33,STOFI-Bright_7206FF33,-0.00524325,0.039893
N80058,2017,752,30,STOFI-Bright,_7206FF33,STOFI-Bright_7206FF33,-0.000472975,0.0375696
N80059,2017,772,30,STOFI-Bright,_7206FF33,STOFI-Bright_7206FF33,-0.0085391,-0.0164665
N80060,2017,818,30,STOFI-Bright,_7206FF33,STOFI-Bright_7206FF33,-0.00635502,0.0426233
N80061,2017,753,30,STOFI-Bright,_7206FF33,STOFI-Bright_7206FF33,0.00427674,0.0336044
N80062,2017,810,30,STOFI-Bright,_7206FF33,STOFI-Bright_7206FF33,-0.00158879,0.0271906
N80063,2017,709,30,STOFI-Bright,_7206FF33,STOFI-Bright_7206FF33,-0.0151528,0.0328842
N80064,2017,873,30,STOFI-Bright,_7206FF33,STOFI-Bright_7206FF33,-0.0100649,0.0550388
N80065,2017,770,30,STOFI-Bright,_7206FF33,STOFI-Bright_7206FF33,-0.00745112,0.00821885
N80066,2017,865,30,STOFI-Bright,_7206FF33,STOFI-Bright_7206FF33,-0.0080299,0.0351487
N80067,2017,874,30,STOFI-Bright,_7206FF33,STOFI-Bright_7206FF33,-0.0108259,0.0300723
N80068,2017,921,30,STOFI-Bright,_7206FF33,STOFI-Bright_7206FF33,-0.00879436,-0.000291437
N80069,2017,739,30,STOFI-Bright,_7206FF33,STOFI-Bright_7206FF33,-0.00164144,0.0374174
N80070,2017,840,30,STOFI-Bright,_7206FF33,STOFI-Bright_7206FF33,-0.00932236,0.00117146
N80071,2017,901,30,STOFI-Bright,_7206FF33,STOFI-Bright_7206FF33,-0.00849385,-0.00525373
N80072,2017,911,30,STOFI-Bright,_7206FF33,STOFI-Bright_7206FF33,0.00335704,0.0278113
N80074,2017,812,29,STOFI-Bright,_7206F33,STOFI-Bright_7206F33,0.000785149,0.0289757
N80075,2017,896,29,STOFI-Bright,_7206F33,STOFI-Bright_7206F33,-0.00856542,0.0415779
N80076,2017,861,29,STOFI-Bright,_7206F33,STOFI-Bright_7206F33,0.00428336,-0.0253983
N80077,2017,789,29,STOFI-Bright,_7206F33,STOFI-Bright_7206F33,-0.00663058,0.0377239
N80078,2017,869,27,STOFI-BigCyp,_7067,STOFI-BigCyp_7067,-0.00082011,-0.000973228
N80079,2017,956,27,STOFI-BigCyp,_7067,STOFI-BigCyp_7067,-0.000126183,0.00473225
N80080,2017,867,29,STOFI-Bright,_7206F33,STOFI-Bright_7206F33,0.0104913,0.0238234
N80081,2017,709,27,STOFI-BigCyp,_7067,STOFI-BigCyp_7067,-0.0130312,0.0462486
N80082,2017,867,29,STOFI-Bright,_7206F33,STOFI-Bright_7206F33,-0.00305542,0.00958374
N80084,2017,775,27,STOFI-BigCyp,_7067,STOFI-BigCyp_7067,-0.00824854,0.0467446
N80085,2017,806,29,STOFI-Bright,_7206F33,STOFI-Bright_7206F33,-0.0100471,0.0461994
N80086,2017,748,29,STOFI-Bright,_7206F33,STOFI-Bright_7206F33,0.000585115,-0.0364293
N80087,2017,861,29,STOFI-Bright,_7206F33,STOFI-Bright_7206F33,-0.00286064,0.0182573
N80088,2017,764,29,STOFI-Bright,_7206F33,STOFI-Bright_7206F33,-0.0040778,0.0316054
N80090,2017,910,27,STOFI-BigCyp,_7067,STOFI-BigCyp_7067,-0.00364678,0.0182957
N80091,2017,813,29,STOFI-Bright,_7206F33,STOFI-Bright_7206F33,-0.00813265,0.0585502
N80092,2017,810,29,STOFI-Bright,_7206F33,STOFI-Bright_7206F33,-0.011314,-0.00266078
N80093,2017,934,27,STOFI-BigCyp,_7067,STOFI-BigCyp_7067,-0.0152791,0.0327253
N80094,2017,832,27,STOFI-BigCyp,_7067,STOFI-BigCyp_7067,-0.00418896,0.0222952
N80095,2017,849,27,STOFI-BigCyp,_7067,STOFI-BigCyp_7067,0.000552627,0.0217387
N80096,2017,748,29,STOFI-Bright,_7206F33,STOFI-Bright_7206F33,-0.00397414,0.0372477
N80097,2017,834,29,STOFI-Bright,_7206F33,STOFI-Bright_7206F33,-0.00606433,0.016656
N80098,2017,892,27,STOFI-BigCyp,_7067,STOFI-BigCyp_7067,0.0129975,-0.0293508
N80099,2017,825,27,STOFI-BigCyp,_7067,STOFI-BigCyp_7067,-0.00120157,-0.00766591
N80100,2017,823,27,STOFI-BigCyp,_7067,STOFI-BigCyp_7067,-0.00805387,0.0397211
N80101,2017,903,29,STOFI-Bright,_7206F33,STOFI-Bright_7206F33,-0.00243796,0.0233458
N80102,2017,828,27,STOFI-BigCyp,_7067,STOFI-BigCyp_7067,0.000517568,-0.0312832
N80104,2017,938,27,STOFI-BigCyp,_7067,STOFI-BigCyp_7067,-0.00662328,0.051031
N80105,2017,900,27,STOFI-BigCyp,_7067,STOFI-BigCyp_7067,-0.0051292,-0.0234456
N80106,2017,875,29,STOFI-Bright,_7206F33,STOFI-Bright_7206F33,-0.00183635,-0.00745907
N80107,2017,920,27,STOFI-BigCyp,_7067,STOFI-BigCyp_7067,-0.00668018,-0.0223203
N80108,2017,976,27,STOFI-BigCyp,_7067,STOFI-BigCyp_7067,-0.00872353,-0.00609037
N80109,2017,911,30,STOFI-Bright,_7206FF33,STOFI-Bright_7206FF33,-0.00670739,0.051008
N80110,2017,924,30,STOFI-Bright,_7206FF33,STOFI-Bright_7206FF33,-0.00722317,0.0341044
N80111,2017,738,27,STOFI-BigCyp,_7067,STOFI-BigCyp_7067,-0.00723141,0.0279132
N90001,2017,785,27,STOFI-BigCyp,_7067,STOFI-BigCyp_7067,-0.00013006,0.00560569
N90002,2017,654,31,STOFI-Miccos,_7067,STOFI-Miccos_7067,0.004767,0.0071161
N90004,2017,800,27,STOFI-BigCyp,_7067,STOFI-BigCyp_7067,0.0131763,-0.0185128
N90005,2017,850,27,STOFI-BigCyp,_7067,STOFI-BigCyp_7067,-0.00385312,-0.00527163
N90006,2017,875,27,STOFI-BigCyp,_7067,STOFI-BigCyp_7067,-0.00851629,0.0116286
N90008,2017,830,27,STOFI-BigCyp,_7067,STOFI-BigCyp_7067,0.0142406,0.00830351
N90009,2017,750,27,STOFI-BigCyp,_7067,STOFI-BigCyp_7067,0.0131409,-0.00780725
N90010,2017,953,31,STOFI-Miccos,_7067,STOFI-Miccos_7067,0.000943187,0.0302113
N90011,2017,825,27,STOFI-BigCyp,_7067,STOFI-BigCyp_7067,0.00946234,-0.0180497
N90012,2017,881,27,STOFI-BigCyp,_7067,STOFI-BigCyp_7067,-0.00621463,0.0541135
N90014,2017,763,27,STOFI-BigCyp,_7067,STOFI-BigCyp_7067,-0.00877333,0.0306299
N90016,2017,831,27,STOFI-BigCyp,_7067,STOFI-BigCyp_7067,-0.00885868,0.0243893
N90017,2017,763,31,STOFI-Miccos,_7067,STOFI-Miccos_7067,0.00288379,0.0347445
N90018,2017,944,27,STOFI-BigCyp,_7067,STOFI-BigCyp_7067,-0.00306497,0.0140268
N90019,2017,830,27,STOFI-BigCyp,_7067,STOFI-BigCyp_7067,0.00119381,0.0151753
N90021,2017,809,27,STOFI-BigCyp,_7067,STOFI-BigCyp_7067,-0.0110551,-0.00643258
N90022,2017,878,27,STOFI-BigCyp,_7067,STOFI-BigCyp_7067,-0.00913313,0.0533073
N90023,2017,800,27,STOFI-BigCyp,_7067,STOFI-BigCyp_7067,-0.00444233,0.0117543
N90024,2017,700,31,STOFI-Miccos,_7067,STOFI-Miccos_7067,-0.00442099,0.0395892
N90025,2017,637,27,STOFI-BigCyp,_7067,STOFI-BigCyp_7067,-0.012547,0.0408575
N90026,2017,887,27,STOFI-BigCyp,_7067,STOFI-BigCyp_7067,-0.00265777,-0.0365582
N90027,2017,803,27,STOFI-BigCyp,_7067,STOFI-BigCyp_7067,-4.94E-05,0.0264682
N90028,2017,814,27,STOFI-BigCyp,_7067,STOFI-BigCyp_7067,-0.003965,0.0217478
N90030,2017,695,31,STOFI-Miccos,_7067,STOFI-Miccos_7067,-0.00634609,0.0297528
N90036,2017,821,31,STOFI-Miccos,_7067,STOFI-Miccos_7067,-0.00231822,-0.0234539
N90037,2017,706,27,STOFI-BigCyp,_7067,STOFI-BigCyp_7067,-0.0058668,0.0363613
N90038,2017,963,27,STOFI-BigCyp,_7067,STOFI-BigCyp_7067,-0.00172813,0.0380446
N90039,2017,767,27,STOFI-BigCyp,_7067,STOFI-BigCyp_7067,-0.00472975,0.021768
N90041,2017,732,31,STOFI-Miccos,_7067,STOFI-Miccos_7067,0.00751621,0.0137636
N90042,2017,742,27,STOFI-BigCyp,_7067,STOFI-BigCyp_7067,-0.00474156,0.0332428
N90043,2017,738,27,STOFI-BigCyp,_7067,STOFI-BigCyp_7067,-0.00921661,0.0395944
N90044,2017,738,27,STOFI-BigCyp,_7067,STOFI-BigCyp_7067,-0.00353251,0.0268337
N90045,2017,887,27,STOFI-BigCyp,_7067,STOFI-BigCyp_7067,-0.00280214,0.0176048
N90046,2017,825,27,STOFI-BigCyp,_7067,STOFI-BigCyp_7067,-0.00792401,0.00945956
N90047,2017,739,27,STOFI-BigCyp,_7067,STOFI-BigCyp_7067,-0.000844912,0.0135609
N90049,2017,766,27,STOFI-BigCyp,_7067,STOFI-BigCyp_7067,-0.00360373,0.0310477
N90050,2017,957,27,STOFI-BigCyp,_7067,STOFI-BigCyp_7067,0.00317333,0.0172871
N90052,2017,839,27,STOFI-BigCyp,_7067,STOFI-BigCyp_7067,0.0058174,0.00828142
N90053,2017,768,31,STOFI-Miccos,_7067,STOFI-Miccos_7067,-0.00764604,0.0249913
N90054,2017,852,27,STOFI-BigCyp,_7067,STOFI-BigCyp_7067,-0.00440831,-0.00107997
N90055,2017,799,27,STOFI-BigCyp,_7067,STOFI-BigCyp_7067,-0.00336332,0.030464
N90056,2017,883,27,STOFI-BigCyp,_7067,STOFI-BigCyp_7067,0.00678932,-0.0317591
N90057,2017,724,27,STOFI-BigCyp,_7067,STOFI-BigCyp_7067,0.000378347,0.0339286
N90058,2017,792,27,STOFI-BigCyp,_7067,STOFI-BigCyp_7067,0.014062,-0.0458927
N90059,2017,729,31,STOFI-Miccos,_7067,STOFI-Miccos_7067,0.0104918,0.000928586
N90060,2017,857,27,STOFI-BigCyp,_7067,STOFI-BigCyp_7067,-0.00183121,0.012569
N90061,2017,763,27,STOFI-BigCyp,_7067,STOFI-BigCyp_7067,-0.00689483,-0.0259201
N90062,2017,773,27,STOFI-BigCyp,_7067,STOFI-BigCyp_7067,-0.010077,0.0297112
N90063,2017,836,27,STOFI-BigCyp,_7067,STOFI-BigCyp_7067,-0.00909775,0.0357459
N11001,2017,839,20,Ranch4,_7077,Ranch4_7077,0.00295254,0.034741
N11002,2017,793,27,STOFI-BigCyp,_7067,STOFI-BigCyp_7067,0.000139698,-0.0120612
N11003,2017,678,20,Ranch4,_7077,Ranch4_7077,0.0309605,0.016595
N11004,2017,691,18,Ranch3,_7077,Ranch3_7077,-0.00433968,-0.0395558
N11005,2017,757,18,Ranch3,_7077,Ranch3_7077,0.00061031,0.00297169
N11006,2017,574,20,Ranch4,_7077,Ranch4_7077,0.00931792,0.0537559
N11007,2017,815,26,Ranch8,_7077,Ranch8_7077,-0.000233752,0.0209515
N11008,2017,741,20,Ranch4,_7077,Ranch4_7077,0.0164933,0.00838589
N11009,2017,739,20,Ranch4,_7077,Ranch4_7077,-0.00218665,-0.0290465
N11010,2017,773,26,Ranch8,_7077,Ranch8_7077,0.0204768,0.000974164
N11011,2017,856,20,Ranch4,_7077,Ranch4_7077,0.016682,0.00599607
N11012,2017,769,18,Ranch3,_7077,Ranch3_7077,-0.00448852,0.00244388
N11013,2017,738,26,Ranch8,_7077,Ranch8_7077,0.0216069,-0.0147746
N11014,2017,704,20,Ranch4,_7077,Ranch4_7077,-0.00184286,-0.0464179
N11015,2017,622,20,Ranch4,_7077,Ranch4_7077,0.0287712,0.0174459
N11016,2017,699,26,Ranch8,_7077,Ranch8_7077,0.0258699,0.00548729
N11017,2017,750,26,Ranch8,_7077,Ranch8_7077,0.0149186,0.00405979
N11019,2017,833,31,STOFI-Miccos,_7067,STOFI-Miccos_7067,-0.00443943,0.0420324
N11020,2017,774,20,Ranch4,_7077,Ranch4_7077,-0.0103635,-0.0106663
N11021,2017,705,18,Ranch3,_7077,Ranch3_7077,-0.00392831,-0.0422222
N11022,2017,889,20,Ranch4,_7077,Ranch4_7077,0.0263291,0.0349126
N11023,2017,704,18,Ranch3,_7077,Ranch3_7077,-0.00264974,-0.0495649
N11024,2017,754,26,Ranch8,_7077,Ranch8_7077,0.01699,-0.00814968
N11025,2017,854,18,Ranch3,_7077,Ranch3_7077,-0.00609341,-0.0123344
N11026,2017,858,26,Ranch8,_7077,Ranch8_7077,0.000465996,-0.00308766
N11027,2017,675,20,Ranch4,_7077,Ranch4_7077,-0.00179896,0.0239023
N11029,2017,649,20,Ranch4,_7077,Ranch4_7077,0.0305916,0.00845224
N11030,2017,759,20,Ranch4,_7077,Ranch4_7077,0.0323523,0.0134788
N11031,2017,767,20,Ranch4,_7077,Ranch4_7077,0.022454,0.0415351
N11032,2017,668,18,Ranch3,_7077,Ranch3_7077,-0.00403107,-0.0319904
N11033,2017,667,26,Ranch8,_7077,Ranch8_7077,0.0112807,-0.0149907
N11034,2017,888,20,Ranch4,_7077,Ranch4_7077,0.0245575,0.0206983
N11035,2017,844,20,Ranch4,_7077,Ranch4_7077,0.0132718,0.0165829
N11036,2017,816,20,Ranch4,_7077,Ranch4_7077,0.000835818,-0.00244168
N11037,2017,776,18,Ranch3,_7077,Ranch3_7077,0.000626323,0.0168635
N11038,2017,731,26,Ranch8,_7077,Ranch8_7077,0.0210144,0.0245446
N11039,2017,745,27,STOFI-BigCyp,_7067,STOFI-BigCyp_7067,-0.00574283,0.0130722
N11040,2017,682,20,Ranch4,_7077,Ranch4_7077,0.0146585,0.0306584
N11041,2017,754,20,Ranch4,_7077,Ranch4_7077,0.00973491,-0.055511
N11042,2017,691,20,Ranch4,_7077,Ranch4_7077,-0.00865396,0.00595185
N11043,2017,713,18,Ranch3,_7077,Ranch3_7077,0.00132695,-0.0282637
N11044,2017,717,20,Ranch4,_7077,Ranch4_7077,-0.0113913,0.015645
N11045,2017,630,18,Ranch3,_7077,Ranch3_7077,-0.00650632,0.0443879
N11046,2017,714,18,Ranch3,_7077,Ranch3_7077,0.292697,-0.00465806
N11047,2017,714,26,Ranch8,_7077,Ranch8_7077,0.0154439,-0.0214809
N11048,2017,606,20,Ranch4,_7077,Ranch4_7077,0.000957424,-0.0134056
N11049,2017,802,26,Ranch8,_7077,Ranch8_7077,0.0107861,0.0219806
N11050,2017,694,26,Ranch8,_7077,Ranch8_7077,0.00335996,0.00303183
N11051,2017,841,18,Ranch3,_7077,Ranch3_7077,-0.00523404,-0.0193811
N11052,2017,702,26,Ranch8,_7077,Ranch8_7077,-0.00341432,0.0213422
N11053,2017,733,26,Ranch8,_7077,Ranch8_7077,0.0188794,0.0109931
N11054,2017,768,20,Ranch4,_7077,Ranch4_7077,0.283121,-0.0106257
N11055,2017,845,26,Ranch8,_7077,Ranch8_7077,0.01871,0.00888135
N11056,2017,893,18,Ranch3,_7077,Ranch3_7077,-0.00131095,-0.0340701
N11057,2017,652,18,Ranch3,_7077,Ranch3_7077,-0.0027423,-0.0248054
N11058,2017,627,20,Ranch4,_7077,Ranch4_7077,-0.00737578,-0.0269637
N11059,2017,795,26,Ranch8,_7077,Ranch8_7077,0.0115002,-0.00931599
N11060,2017,724,18,Ranch3,_7077,Ranch3_7077,-0.00762766,-0.0413606
N11061,2017,728,20,Ranch4,_7077,Ranch4_7077,-0.000457046,-0.0258626
N11062,2017,940,27,STOFI-BigCyp,_7067,STOFI-BigCyp_7067,-0.00732139,-0.00135318
N11063,2017,773,31,STOFI-Miccos,_7067,STOFI-Miccos_7067,0.00749043,0.00342914
N11064,2017,709,20,Ranch4,_7077,Ranch4_7077,-0.0120718,-0.036556
N11065,2017,858,27,STOFI-BigCyp,_7067,STOFI-BigCyp_7067,-0.0104032,0.0298139
N11066,2017,859,26,Ranch8,_7077,Ranch8_7077,0.0153931,-0.0209819
N11067,2017,657,20,Ranch4,_7077,Ranch4_7077,-0.00562732,-0.0111531
N11068,2017,726,26,Ranch8,_7077,Ranch8_7077,0.0135749,0.00816372
N11069,2017,714,20,Ranch4,_7077,Ranch4_7077,0.0276852,0.0231434
N11070,2017,778,18,Ranch3,_7077,Ranch3_7077,-0.00165837,-0.0438908
N11071,2017,559,18,Ranch3,_7077,Ranch3_7077,-0.005314,-0.0328984
N11076,2017,809,26,Ranch8,_7077,Ranch8_7077,0.0101393,0.00584315
N11077,2017,728,26,Ranch8,_7077,Ranch8_7077,0.0131984,0.0218576
