AnimalID,UFID_Corrected,YEAR,hcw,Marbling,WBSF,CG,Ranch,LOT,RanchLOT,PC1,PC2
429,429,2016,856,360,5.79,-999,Ranch3,_7235,Ranch3_7235,0.0100246,-0.0461264
435,435,2016,632,480,4.48,-999,Ranch3,_7235,Ranch3_7235,-0.00343275,0.00205765
455,455,2016,899,400,6.32,-999,Ranch3,_7235,Ranch3_7235,-0.00186232,-0.0154027
733,733,2016,732,430,5.99,-999,Ranch15,_7255,Ranch15_7255,-0.0085046,-0.040076
739,739,2016,620,340,6.11,-999,Ranch15,_7255,Ranch15_7255,0.00843944,0.0298401
748,748,2016,686,330,5.97,-999,Ranch15,_7255,Ranch15_7255,0.014732,0.0222229
758,758,2016,871,330,4.73,-999,Ranch15,_7255,Ranch15_7255,-0.00557544,-0.0388438
828,828,2016,822,380,5.16,-999,Ranch15,_7255,Ranch15_7255,-0.00343454,-0.0350992
834,834,2016,749,380,4.39,-999,Ranch15,_7255,Ranch15_7255,0.0155059,0.0232403
1409,1409,2016,739,300,6.17,-999,Ranch7,_7235,Ranch7_7235,0.000869776,-0.0354615
1441,1441,2016,821,310,4.48,-999,Ranch6,_7365,Ranch6_7365,-0.00738374,0.00703455
1450,1450,2016,823,380,6.83,10,Ranch16,_7145,Ranch16_7145,-0.000620287,-0.0298395
1462,1462,2016,797,460,5.41,-999,Ranch6,_7365,Ranch6_7365,0.00225248,-0.015759
1467,1467,2016,789,380,5.39,-999,Ranch16,_7365,Ranch16_7365,-0.00210605,0.00827269
1472,1472,2016,775,380,5.8,-999,Ranch6,_7365,Ranch6_7365,-0.00244157,-9.47986E-05
1490,1490,2016,745,390,6.06,10,Ranch16,_7145,Ranch16_7145,0.00894044,-0.0461348
1492,1492,2016,669,390,6.67,10,Ranch16,_7145,Ranch16_7145,-0.00529245,0.0457205
1495,1495,2016,771,420,4.72,10,Ranch16,_7145,Ranch16_7145,-0.00380138,0.0203111
1528,1528,2016,674,420,6.77,10,Ranch16,_7145,Ranch16_7145,-0.00941483,0.0344801
1529,1529,2016,810,320,4.62,10,Ranch16,_7145,Ranch16_7145,0.00517338,-0.0273645
1535,1535,2016,853,320,6.96,10,Ranch16,_7145,Ranch16_7145,0.009579,-0.0142663
1538,1538,2016,886,400,6.41,10,Ranch16,_7145,Ranch16_7145,-0.00450485,-0.0425075
1547,1547,2016,795,360,5.37,10,Ranch16,_7145,Ranch16_7145,-0.00623855,-0.0377778
1548,1548,2016,793,520,6.34,10,Ranch16,_7145,Ranch16_7145,-0.00286179,0.0319551
1557,1557,2016,852,620,5.28,10,Ranch16,_7145,Ranch16_7145,-0.00605402,-0.0265304
1558,1558,2016,757,430,4.8,10,Ranch16,_7145,Ranch16_7145,-0.00302553,0.0480691
1560,1560,2016,871,460,4.94,-999,STOFI-Parker,_7365,STOFI-Parker_7365,-0.00758377,0.0422323
1597,1597,2016,868,430,5.73,-999,Ranch12,_7365,Ranch12_7365,-0.0120057,-0.0250031
1653,1653,2016,732,340,6.68,21,Ranch4,_7375,Ranch4_7375,0.014054,-0.0476521
1663,1663,2016,788,410,7.07,-999,Ranch10,_7375,Ranch10_7375,-0.00581638,0.00676914
1668,1668,2016,817,330,6.25,-999,Ranch4,_7205,Ranch4_7205,-0.000812432,-0.03596
1675,1675,2016,757,330,4.74,21,Ranch4,_7375,Ranch4_7375,-0.00595271,-0.00526757
1682,1682,2016,852,280,4.01,21,Ranch4,_7375,Ranch4_7375,0.000694478,-0.00324568
1689,1689,2016,804,370,4.42,21,Ranch4,_7375,Ranch4_7375,-0.00574096,-0.036552
1695,1695,2016,863,310,8.18,21,Ranch4,_7375,Ranch4_7375,0.00972943,-0.000816316
1698,1698,2016,884,410,5.81,21,Ranch4,_7375,Ranch4_7375,0.000659907,0.0625676
1704,1704,2016,897,370,6.6,-999,Ranch10,_7375,Ranch10_7375,-0.00297187,-0.0438474
1707,1707,2016,758,320,5.33,21,Ranch4,_7375,Ranch4_7375,0.00663423,-0.0370007
1711,1711,2016,767,320,6.69,-999,Ranch10,_7375,Ranch10_7375,-0.000611367,-0.035124
2447,2447,2016,695,340,6.73,-999,Ranch16,_7445,Ranch16_7445,0.00988279,0.0145462
2457,2457,2016,837,370,5.72,-999,Ranch16,_7445,Ranch16_7445,-0.000908506,0.00215431
2466,2466,2016,841,300,6.11,-999,Ranch16,_7445,Ranch16_7445,0.00709094,-0.0238104
2473,2473,2016,873,400,7.04,-999,Ranch6,_7445,Ranch6_7445,-0.00944309,0.012353
2485,2485,2016,785,330,6.42,-999,Ranch16,_7445,Ranch16_7445,-0.00287272,-0.00769369
2494,2494,2016,784,340,6.75,-999,Ranch16,_7445,Ranch16_7445,0.0105464,-0.0059476
2570,2570,2016,862,380,5.33,-999,Ranch9,_7485,Ranch9_7485,0.0141106,0.0557666
2595,2595,2016,836,300,6.17,-999,Ranch9,_7485,Ranch9_7485,0.0162793,0.0585331
2610,2610,2016,988,330,5.45,-999,Ranch9,_7485,Ranch9_7485,0.011721,0.0577511
2618,2618,2016,905,380,5.66,-999,Ranch9,_7485,Ranch9_7485,0.0130869,0.0612097
2684,2684,2016,773,320,-999,-999,Ranch18,_7495,Ranch18_7495,0.00812246,0.000397255
2696,2696,2016,872,360,6.02,-999,Ranch18,_7495,Ranch18_7495,0.0174313,0.018621
2754,2754,2016,857,420,6.24,32,STOFI-Miccos,_7495,STOFI-Miccos_7495,-0.0133324,0.0451625
2760,2760,2016,827,620,4.5,32,STOFI-Miccos,_7495,STOFI-Miccos_7495,-0.0109169,0.00414441
2761,2761,2016,760,420,6.13,32,STOFI-Miccos,_7495,STOFI-Miccos_7495,0.00304895,0.0160696
2770,2770,2016,738,480,4.47,32,STOFI-Miccos,_7495,STOFI-Miccos_7495,-0.00225091,0.0280021
2780,2780,2016,788,540,6.32,32,STOFI-Miccos,_7495,STOFI-Miccos_7495,-0.0109781,0.040087
2781,2781,2016,711,430,5.36,32,STOFI-Miccos,_7495,STOFI-Miccos_7495,-0.00528345,0.0179145
2786,2786,2016,812,390,4.54,32,STOFI-Miccos,_7495,STOFI-Miccos_7495,-0.0037259,0.010937
2790,2790,2016,846,380,4.11,32,STOFI-Miccos,_7495,STOFI-Miccos_7495,0.00014621,0.00842694
2793,2793,2016,762,440,6.45,32,STOFI-Miccos,_7495,STOFI-Miccos_7495,-0.00171192,0.0271364
2794,2794,2016,795,330,6.44,32,STOFI-Miccos,_7495,STOFI-Miccos_7495,0.0167985,-0.055735
2801,2801,2016,826,300,7.47,32,STOFI-Miccos,_7495,STOFI-Miccos_7495,-0.00429492,0.00872768
2809,2809,2016,914,390,6.22,32,STOFI-Miccos,_7495,STOFI-Miccos_7495,-0.00405311,0.0343399
2814,2814,2016,751,380,5.2,32,STOFI-Miccos,_7495,STOFI-Miccos_7495,-0.000450961,0.0272069
2815,2815,2016,808,320,10.04,32,STOFI-Miccos,_7495,STOFI-Miccos_7495,0.00977517,-0.0156221
2818,2818,2016,783,550,6.72,32,STOFI-Miccos,_7495,STOFI-Miccos_7495,-0.0114484,0.0782715
2822,2822,2016,817,380,5.07,32,STOFI-Miccos,_7495,STOFI-Miccos_7495,-0.00931376,0.0249876
2827,2827,2016,718,520,-999,32,STOFI-Miccos,_7495,STOFI-Miccos_7495,-0.00549606,0.0397782
2831,2831,2016,745,400,6.01,-999,STOFI-Bright,_7495,STOFI-Bright_7495,0.00173346,0.0283879
2834,2834,2016,702,420,4.7,32,STOFI-Miccos,_7495,STOFI-Miccos_7495,-0.00174075,0.0248699
2836,2836,2016,753,340,4.49,32,STOFI-Miccos,_7495,STOFI-Miccos_7495,0.000797969,0.0153634
2837,2837,2016,718,640,4.86,32,STOFI-Miccos,_7495,STOFI-Miccos_7495,-0.000410747,0.000744893
2843,2843,2016,808,520,4.22,32,STOFI-Miccos,_7495,STOFI-Miccos_7495,-0.0111365,0.0533234
2853,2853,2016,805,380,5.15,32,STOFI-Miccos,_7495,STOFI-Miccos_7495,-0.00454785,0.00503196
2860,2860,2016,765,440,6.32,-999,STOFI-Bright,_7495,STOFI-Bright_7495,0.00198912,0.0141263
2862,2862,2016,801,420,6.28,32,STOFI-Miccos,_7495,STOFI-Miccos_7495,-0.00593136,0.0478892
2876,2876,2016,695,420,6.88,32,STOFI-Miccos,_7495,STOFI-Miccos_7495,0.00699577,0.044198
2883,2883,2016,666,470,6.27,32,STOFI-Miccos,_7495,STOFI-Miccos_7495,-0.00230139,0.0172285
2893,2893,2016,701,370,6.65,32,STOFI-Miccos,_7495,STOFI-Miccos_7495,-0.00288783,0.00485655
10001,N10001,2017,952,440,5.384264,34,STOFI-StThom,_7596,STOFI-StThom_7596,0.00215953,-0.0255034
10002,N10002,2017,891,390,7.02341,-999,Ranch5,_7586,Ranch5_7586,0.00147416,-0.0216951
10003,N10003,2017,958,320,4.455202,35,Ranch12,_7586,Ranch12_7586,0.00179481,-0.0269237
10004,N10004,2017,953,410,5.62025,-999,Ranch14,_7586,Ranch14_7586,0.00487911,0.0109932
10005,N10005,2017,849,510,5.87537,9,Ranch14,_7596,Ranch14_7596,-0.00475187,0.036073
10006,N10006,2017,724,410,4.317012,34,STOFI-StThom,_7596,STOFI-StThom_7596,-0.0106102,0.00273726
10007,N10007,2017,844,410,-999,14,Ranch2,_7586,Ranch2_7586,-0.011786,-0.0173355
10008,N10008,2017,741,420,5.308791,15,Ranch2,_7596,Ranch2_7596,0.0159771,0.0492118
10009,N10009,2017,805,380,4.765598,3,Ranch11,_7586,Ranch11_7586,0.0140884,-0.0678559
10010,N10010,2017,874,420,4.965442,-999,STOFI-StThom,_7586,STOFI-StThom_7586,0.00762677,-0.0204706
10011,N10011,2017,756,380,6.11986,15,Ranch2,_7596,Ranch2_7596,0.0206958,0.0432989
10012,N10012,2017,718,370,4.390359,15,Ranch2,_7596,Ranch2_7596,-0.00208717,-0.00539088
10013,N10013,2017,862,410,4.602959,14,Ranch2,_7586,Ranch2_7586,-0.00642995,0.00693503
10014,N10014,2017,685,490,4.051262,34,STOFI-StThom,_7596,STOFI-StThom_7596,-0.00695155,-0.027419
10015,N10015,2017,955,390,4.479651,-999,STOFI-StThom,_7586,STOFI-StThom_7586,-0.0127908,0.000905026
10016,N10016,2017,809,490,4.827252,9,Ranch14,_7596,Ranch14_7596,-0.00975984,-0.00433753
10017,N10017,2017,806,510,4.385044,34,STOFI-StThom,_7596,STOFI-StThom_7596,-0.00190748,0.0112091
10018,N10018,2017,866,360,5.310917,35,Ranch12,_7586,Ranch12_7586,-0.000805473,-0.0291788
10019,N10019,2017,859,510,4.364847,35,Ranch12,_7586,Ranch12_7586,0.000425189,-0.0150774
10020,N10020,2017,886,480,4.48284,35,Ranch12,_7586,Ranch12_7586,-0.00326967,-0.0158614
10021,N10021,2017,896,350,3.981104,35,Ranch12,_7586,Ranch12_7586,-0.00617128,-0.0267256
10022,N10022,2017,765,480,4.383981,12,Ranch17,_F7,Ranch17_F7,-0.00445534,-0.0412943
10023,N10023,2017,856,390,5.304539,12,Ranch17,_F7,Ranch17_F7,-0.00924034,-0.0254221
10024,N10024,2017,918,410,4.271303,14,Ranch2,_7586,Ranch2_7586,0.00646205,-0.0139618
10025,N10025,2017,921,420,4.009805,12,Ranch17,_F7,Ranch17_F7,-0.00667939,-0.0227214
10026,N10026,2017,767,410,6.085844,12,Ranch17,_F7,Ranch17_F7,-0.00766407,-0.00281013
10027,N10027,2017,910,370,5.945528,12,Ranch17,_F7,Ranch17_F7,-0.00126464,-0.0206441
10028,N10028,2017,779,480,4.720952,12,Ranch17,_F7,Ranch17_F7,0.000701844,-0.0249291
10029,N10029,2017,845,390,3.912009,12,Ranch17,_F7,Ranch17_F7,-0.0104289,-0.0258235
10030,N10030,2017,735,520,5.005836,12,Ranch17,_F7,Ranch17_F7,-0.0107468,-0.00599602
10031,N10031,2017,881,450,5.967851,12,Ranch17,_F7,Ranch17_F7,-0.00813985,-0.0249486
10032,N10032,2017,742,380,4.681621,12,Ranch17,_F7,Ranch17_F7,-0.0107308,-0.0120934
10033,N10033,2017,779,360,4.730519,12,Ranch17,_F7,Ranch17_F7,-0.00886888,-0.00633535
10034,N10034,2017,825,410,5.07812,14,Ranch2,_7586,Ranch2_7586,-0.0146614,0.00152462
10035,N10035,2017,862,390,4.600833,35,Ranch12,_7586,Ranch12_7586,-0.00489733,-0.0239624
10036,N10036,2017,687,370,5.193987,12,Ranch17,_F7,Ranch17_F7,-0.00797058,-0.0266265
10037,N10037,2017,770,390,5.199302,12,Ranch17,_F7,Ranch17_F7,-0.0114888,-0.0282967
10038,N10038,2017,868,430,4.395674,12,Ranch17,_F7,Ranch17_F7,-0.0125928,-0.0332949
10039,N10039,2017,856,350,4.325516,12,Ranch17,_F7,Ranch17_F7,-0.00407325,-0.0207627
10040,N10040,2017,654,390,5.923205,12,Ranch17,_F7,Ranch17_F7,-0.00485386,-0.023717
10041,N10041,2017,798,410,5.842417,12,Ranch17,_F7,Ranch17_F7,-0.00816458,-0.0256888
10042,N10042,2017,803,410,4.410556,12,Ranch17,_F7,Ranch17_F7,-0.00732682,-0.0298741
10043,N10043,2017,-999,370,6.333523,12,Ranch17,_F7,Ranch17_F7,-0.00398288,-0.0100234
10044,N10044,2017,821,530,3.948151,14,Ranch2,_7586,Ranch2_7586,-0.00428838,-0.0318557
10045,N10045,2017,798,450,6.027379,3,Ranch11,_7586,Ranch11_7586,0.00785737,-0.0309983
10046,N10046,2017,921,420,5.197176,12,Ranch17,_F7,Ranch17_F7,-0.0101179,-0.0425566
10047,N10047,2017,750,510,4.199019,12,Ranch17,_F7,Ranch17_F7,-0.00649814,-0.044916
10048,N10048,2017,857,360,5.557533,14,Ranch2,_7586,Ranch2_7586,-0.000739209,-0.0323684
10049,N10049,2017,928,370,7.004276,3,Ranch11,_7586,Ranch11_7586,0.0112415,-0.0715988
10050,N10050,2017,737,390,5.509698,12,Ranch17,_F7,Ranch17_F7,-0.0102552,-0.0300577
10051,N10051,2017,769,740,4.167129,12,Ranch17,_F7,Ranch17_F7,0.000533683,0.0380375
10052,N10052,2017,901,390,7.560225,3,Ranch11,_7586,Ranch11_7586,0.0131959,-0.0359982
10053,N10053,2017,779,410,5.094065,34,STOFI-StThom,_7596,STOFI-StThom_7596,-0.00718565,0.0102813
10054,N10054,2017,854,480,4.590203,23,Ranch5,_7596,Ranch5_7596,-0.00667818,-0.0103697
10055,N10055,2017,813,280,4.797488,3,Ranch11,_7586,Ranch11_7586,0.0096198,-0.029347
10056,N10056,2017,757,550,4.592329,12,Ranch17,_F7,Ranch17_F7,-0.0101247,-0.0157396
10057,N10057,2017,967,580,4.927174,12,Ranch17,_F7,Ranch17_F7,-0.0131397,-0.0201139
10058,N10058,2017,850,450,5.303476,12,Ranch17,_F7,Ranch17_F7,-0.0111429,-0.0307168
10059,N10059,2017,748,460,4.829378,12,Ranch17,_F7,Ranch17_F7,-0.00403324,-0.0201577
10060,N10060,2017,896,380,5.041978,12,Ranch17,_F7,Ranch17_F7,-0.0123691,-0.0319848
10061,N10061,2017,1031,420,4.653983,12,Ranch17,_F7,Ranch17_F7,-0.0082671,-0.0392156
10062,N10062,2017,-999,410,4.681621,12,Ranch17,_F7,Ranch17_F7,-0.0111539,-0.02071
10063,N10063,2017,772,510,5.147215,12,Ranch17,_F7,Ranch17_F7,-0.010895,-0.0454686
10064,N10064,2017,1043,250,5.197176,14,Ranch2,_7586,Ranch2_7586,0.000592302,-0.025736
10065,N10065,2017,764,420,5.724424,3,Ranch11,_7586,Ranch11_7586,0.0125612,-0.0381002
10066,N10066,2017,694,390,6.467461,12,Ranch17,_F7,Ranch17_F7,-0.0149266,-0.0307781
10067,N10067,2017,796,550,4.456265,25,Ranch6,_7556,Ranch6_7556,-0.00622286,0.012842
10068,N10068,2017,960,510,4.414808,25,Ranch6,_7556,Ranch6_7556,-0.00662337,0.0564293
10069,N10069,2017,865,510,4.864457,25,Ranch6,_7556,Ranch6_7556,0.00101006,0.0570943
10070,N10070,2017,867,710,5.366193,25,Ranch6,_7556,Ranch6_7556,-0.0056565,0.0567032
10071,N10071,2017,729,390,4.726267,25,Ranch6,_7556,Ranch6_7556,9.91455E-05,-0.00291317
10072,N10072,2017,766,390,5.201428,25,Ranch6,_7556,Ranch6_7556,-0.00593097,0.0113561
10073,N10073,2017,767,510,4.314886,25,Ranch6,_7556,Ranch6_7556,-0.0061521,0.0663912
10074,N10074,2017,893,630,6.676872,-999,Ranch8,_7556,Ranch8_7556,0.0144265,-0.0195464
10075,N10075,2017,866,510,4.658235,-999,Ranch5,_7556,Ranch5_7556,0.0144528,-0.0320321
10076,N10076,2017,889,540,4.79111,25,Ranch6,_7556,Ranch6_7556,0.00206928,0.00522358
10077,N10077,2017,749,580,4.539179,25,Ranch6,_7556,Ranch6_7556,-0.00633673,-0.00154672
10078,N10078,2017,778,620,5.039852,-999,STOFI-Bright,_7556,STOFI-Bright_7556,-0.00662511,0.0331965
10079,N10079,2017,881,710,4.612526,25,Ranch6,_7556,Ranch6_7556,-0.00851941,0.063833
10080,N10080,2017,933,740,4.577447,25,Ranch6,_7556,Ranch6_7556,-0.00564455,0.0708142
10081,N10081,2017,781,610,4.863394,25,Ranch6,_7556,Ranch6_7556,-0.00903949,0.0118404
10082,N10082,2017,944,380,4.976072,25,Ranch6,_7556,Ranch6_7556,0.0253913,-0.0599905
10083,N10083,2017,952,850,4.7167,25,Ranch6,_7556,Ranch6_7556,-0.0103226,0.0636436
10084,N10084,2017,867,390,4.056577,25,Ranch6,_7556,Ranch6_7556,-0.00873913,0.0399515
10085,N10085,2017,989,420,5.077057,25,Ranch6,_7556,Ranch6_7556,-0.00961927,0.0840454
10086,N10086,2017,831,410,4.645479,25,Ranch6,_7556,Ranch6_7556,-0.00634044,-0.000263073
10087,N10087,2017,820,480,4.731582,34,STOFI-StThom,_7596,STOFI-StThom_7596,-0.000151993,0.0161098
10088,N10088,2017,899,490,5.105758,25,Ranch6,_7556,Ranch6_7556,-0.00335887,0.0720173
10089,N10089,2017,952,610,6.090096,25,Ranch6,_7556,Ranch6_7556,-0.00532626,0.0406168
10090,N10090,2017,810,810,4.196893,25,Ranch6,_7556,Ranch6_7556,-0.0089031,0.0472015
10091,N10091,2017,839,380,4.702881,-999,STOFI-Bright,_7556,STOFI-Bright_7556,-0.0103377,-0.0317966
10092,N10092,2017,872,610,4.413745,25,Ranch6,_7556,Ranch6_7556,-0.00232628,0.066277
10093,N10093,2017,769,430,4.754968,25,Ranch6,_7556,Ranch6_7556,0.00229765,-0.00720902
10094,N10094,2017,857,480,4.226657,25,Ranch6,_7556,Ranch6_7556,0.00397389,0.0364682
10095,N10095,2017,808,480,4.409493,25,Ranch6,_7556,Ranch6_7556,0.000412643,0.0533758
10096,N10096,2017,875,370,5.080246,12,Ranch17,_F7,Ranch17_F7,-0.0132837,-0.035251
10097,N10097,2017,898,370,4.151184,25,Ranch6,_7556,Ranch6_7556,-0.00285494,-0.00732481
10098,N10098,2017,-999,490,4.499848,12,Ranch17,_F7,Ranch17_F7,-0.0107796,-0.0261438
10099,N10099,2017,825,410,4.729456,25,Ranch6,_7556,Ranch6_7556,-0.00228556,0.00567915
10100,N10100,2017,973,430,5.369382,25,Ranch6,_7556,Ranch6_7556,-0.00871046,-0.0131016
10101,N10101,2017,880,410,4.568943,12,Ranch17,_F7,Ranch17_F7,-0.0103691,-0.0156478
10102,N10102,2017,923,320,5.236507,25,Ranch6,_7556,Ranch6_7556,0.00378223,-0.0406997
10103,N10103,2017,843,590,4.147995,-999,STOFI-Bright,_7556,STOFI-Bright_7556,-0.0118992,-0.0159023
10104,N10104,2017,925,420,4.257484,25,Ranch6,_7556,Ranch6_7556,0.00777774,-0.029289
10105,N10105,2017,818,380,4.294689,25,Ranch6,_7556,Ranch6_7556,0.00959942,-0.0590745
10106,N10106,2017,781,420,4.234098,25,Ranch6,_7556,Ranch6_7556,-0.00506651,0.0215708
20001,N20001,2017,935,510,5.495879,9,Ranch14,_7596,Ranch14_7596,0.00631616,0.0323177
20002,N20002,2017,808,510,4.668865,15,Ranch2,_7596,Ranch2_7596,-0.00155512,-0.0320991
20003,N20003,2017,836,380,6.085844,15,Ranch2,_7596,Ranch2_7596,-0.000104694,-0.000759448
20004,N20004,2017,653,410,3.854607,15,Ranch2,_7596,Ranch2_7596,0.00876696,0.0386732
20005,N20005,2017,783,410,4.204334,15,Ranch2,_7596,Ranch2_7596,0.0104918,-0.0445945
20006,N20006,2017,831,570,4.568943,15,Ranch2,_7596,Ranch2_7596,-0.0145469,-0.0393507
20007,N20007,2017,753,560,3.797205,34,STOFI-StThom,_7596,STOFI-StThom_7596,0.00924623,-0.0159515
20008,N20008,2017,829,420,4.793236,9,Ranch14,_7596,Ranch14_7596,0.00500649,0.0255925
20009,N20009,2017,798,560,7.591052,15,Ranch2,_7596,Ranch2_7596,-0.00365768,-0.0146733
20010,N20010,2017,781,390,5.00371,-999,STOFI-Parker,_7596,STOFI-Parker_7596,0.015874,0.040479
20011,N20011,2017,727,410,3.227437,23,Ranch5,_7596,Ranch5_7596,0.00414772,0.0432318
20012,N20012,2017,773,490,5.305602,9,Ranch14,_7596,Ranch14_7596,0.000772103,0.0273658
20013,N20013,2017,898,520,3.029719,34,STOFI-StThom,_7596,STOFI-StThom_7596,-0.00455938,0.0158876
20014,N20014,2017,864,480,4.898473,34,STOFI-StThom,_7596,STOFI-StThom_7596,-0.0070636,0.0482906
20015,N20015,2017,816,380,5.628754,34,STOFI-StThom,_7596,STOFI-StThom_7596,-0.00210622,-0.0117559
20016,N20016,2017,777,370,7.591052,15,Ranch2,_7596,Ranch2_7596,-0.00443819,-0.00344092
20017,N20017,2017,857,380,3.601613,15,Ranch2,_7596,Ranch2_7596,0.391953,-0.00904819
20018,N20018,2017,813,580,5.906197,34,STOFI-StThom,_7596,STOFI-StThom_7596,-0.00110135,0.0120354
20019,N20019,2017,860,310,3.257201,-999,Ranch5,_7586,Ranch5_7586,-0.00398582,-0.0240631
20020,N20020,2017,691,360,3.851418,15,Ranch2,_7596,Ranch2_7596,0.00705033,0.0353356
20021,N20021,2017,751,360,4.41906,34,STOFI-StThom,_7596,STOFI-StThom_7596,-0.000612867,0.00258297
20022,N20022,2017,720,390,3.815276,34,STOFI-StThom,_7596,STOFI-StThom_7596,0.00288367,-0.00755477
20023,N20023,2017,820,430,3.88756,23,Ranch5,_7596,Ranch5_7596,0.00930524,-0.0101066
20024,N20024,2017,793,410,4.152247,34,STOFI-StThom,_7596,STOFI-StThom_7596,-0.00264057,0.00113881
20025,N20025,2017,769,420,3.4411,-999,STOFI-Parker,_7596,STOFI-Parker_7596,0.00857267,0.0219512
20026,N20026,2017,813,430,4.191578,15,Ranch2,_7596,Ranch2_7596,0.00886069,0.047992
20027,N20027,2017,809,370,3.47299,34,STOFI-StThom,_7596,STOFI-StThom_7596,-0.00525275,-0.00427876
20028,N20028,2017,801,380,6.829944,23,Ranch5,_7596,Ranch5_7596,-0.00403563,0.0128255
20029,N20029,2017,728,370,5.309854,15,Ranch2,_7596,Ranch2_7596,0.0260453,0.026839
20030,N20030,2017,788,360,4.628471,15,Ranch2,_7596,Ranch2_7596,-0.00248892,0.0493921
20031,N20031,2017,843,430,4.745401,34,STOFI-StThom,_7596,STOFI-StThom_7596,0.00232008,0.0201842
20032,N20032,2017,831,420,4.204334,9,Ranch14,_7596,Ranch14_7596,0.00483254,0.00153335
20033,N20033,2017,863,510,3.711102,34,STOFI-StThom,_7596,STOFI-StThom_7596,0.000289551,-0.003594
20034,N20034,2017,889,450,4.906977,15,Ranch2,_7596,Ranch2_7596,0.00344208,-0.00661361
20035,N20035,2017,794,390,3.872678,23,Ranch5,_7596,Ranch5_7596,0.00313028,-0.028592
20036,N20036,2017,887,360,5.260956,9,Ranch14,_7596,Ranch14_7596,0.00037449,-0.0269471
20037,N20037,2017,791,440,5.389579,34,STOFI-StThom,_7596,STOFI-StThom_7596,0.0072795,0.0273409
20038,N20038,2017,846,410,5.176979,11,Ranch17,_7126,Ranch17_7126,-0.00317951,-0.0305247
20039,N20039,2017,872,290,6.04545,11,Ranch17,_7126,Ranch17_7126,-0.00851979,-0.0350996
20040,N20040,2017,800,310,3.362438,-999,Ranch1,_7126,Ranch1_7126,-0.00219656,-0.0126933
20041,N20041,2017,779,340,9.78721,11,Ranch17,_7126,Ranch17_7126,-0.016011,-0.0203308
20042,N20042,2017,843,310,4.065081,-999,Ranch1,_7126,Ranch1_7126,0.00567727,-0.0375947
20043,N20043,2017,935,360,4.409493,11,Ranch17,_7126,Ranch17_7126,-0.00529743,-0.0320878
20044,N20044,2017,930,440,3.376257,11,Ranch17,_7126,Ranch17_7126,-0.00854732,-0.0344542
20045,N20045,2017,736,320,4.039569,11,Ranch17,_7126,Ranch17_7126,-0.00188593,-0.0409416
20046,N20046,2017,726,320,4.922922,11,Ranch17,_7126,Ranch17_7126,-0.0136707,-0.0307602
20047,N20047,2017,1019,430,4.0789,11,Ranch17,_7126,Ranch17_7126,-0.00437358,-0.0241122
20048,N20048,2017,765,380,4.901662,11,Ranch17,_7126,Ranch17_7126,-0.011329,-0.0124607
20049,N20049,2017,813,480,3.449604,11,Ranch17,_7126,Ranch17_7126,-0.00698273,-0.028397
20050,N20050,2017,820,380,3.486809,11,Ranch17,_7126,Ranch17_7126,-0.00197419,-0.0346621
20051,N20051,2017,899,510,5.581982,11,Ranch17,_7126,Ranch17_7126,-0.0080116,-0.0369159
20052,N20052,2017,916,340,4.46158,11,Ranch17,_7126,Ranch17_7126,-0.00637062,-0.0157691
20053,N20053,2017,851,430,5.97104,11,Ranch17,_7126,Ranch17_7126,-0.0118208,-0.00771901
20054,N20054,2017,757,360,4.611463,11,Ranch17,_7126,Ranch17_7126,-0.00785461,-0.0332531
20055,N20055,2017,978,710,7.290223,11,Ranch17,_7126,Ranch17_7126,-0.0107064,-0.022552
20056,N20056,2017,752,550,3.952403,11,Ranch17,_7126,Ranch17_7126,-0.00698903,-0.0476842
20057,N20057,2017,769,380,5.096191,11,Ranch17,_7126,Ranch17_7126,-0.00603705,-0.0184121
20058,N20058,2017,1001,380,3.925828,11,Ranch17,_7126,Ranch17_7126,-0.0123525,-0.0274884
20059,N20059,2017,848,320,5.591549,11,Ranch17,_7126,Ranch17_7126,-0.00707698,-0.0247054
20060,N20060,2017,826,420,3.05842,11,Ranch17,_7126,Ranch17_7126,-0.00918558,-0.0435018
20061,N20061,2017,926,380,3.114759,11,Ranch17,_7126,Ranch17_7126,-0.0115796,-0.0323604
20062,N20062,2017,958,420,5.154656,11,Ranch17,_7126,Ranch17_7126,-0.00854266,-0.0464752
20063,N20063,2017,779,430,5.040915,11,Ranch17,_7126,Ranch17_7126,-0.0144364,-0.0283614
20064,N20064,2017,882,510,6.384547,11,Ranch17,_7126,Ranch17_7126,-0.00703354,-0.0453965
20065,N20065,2017,992,520,4.736897,11,Ranch17,_7126,Ranch17_7126,-0.0116262,-0.0196758
20066,N20066,2017,963,390,6.905417,11,Ranch17,_7126,Ranch17_7126,-0.0109793,-0.0194831
20067,N20067,2017,797,580,4.582762,11,Ranch17,_7126,Ranch17_7126,-0.00927528,-0.00911693
20068,N20068,2017,769,640,2.751213,11,Ranch17,_7126,Ranch17_7126,-0.00940633,-0.0435595
20069,N20069,2017,828,390,6.616281,-999,Ranch1,_7126,Ranch1_7126,-0.0102179,-0.0441088
20070,N20070,2017,929,390,5.924268,11,Ranch17,_7126,Ranch17_7126,0.0143523,0.0240161
20071,N20071,2017,779,410,3.210429,11,Ranch17,_7126,Ranch17_7126,0.00295438,-0.0114981
20072,N20072,2017,821,430,3.306099,11,Ranch17,_7126,Ranch17_7126,-0.00484895,-0.0269615
20073,N20073,2017,802,430,3.227437,11,Ranch17,_7126,Ranch17_7126,-0.0103777,-0.0325591
20074,N20074,2017,809,560,5.039852,11,Ranch17,_7126,Ranch17_7126,-0.006104,-0.037042
20075,N20075,2017,827,380,5.642573,6,Ranch12,_7626,Ranch12_7626,-0.00730221,-0.00767988
20076,N20076,2017,834,380,4.298941,4,Ranch11,_7606,Ranch11_7606,0.00484881,-0.0160796
20077,N20077,2017,899,280,4.634849,17,Ranch2,_7626,Ranch2_7626,-0.00259414,-0.038018
20078,N20078,2017,917,480,3.194484,16,Ranch2,_7606,Ranch2_7606,0.00110772,-0.0233296
20079,N20079,2017,839,390,5.039852,5,Ranch12,_7606,Ranch12_7606,-0.00479999,-0.0460203
20080,N20080,2017,798,410,4.970757,5,Ranch12,_7606,Ranch12_7606,-0.00720952,-0.021979
20081,N20081,2017,979,390,6.625848,17,Ranch2,_7626,Ranch2_7626,-0.00368984,5.66687E-05
20082,N20082,2017,758,410,3.189169,16,Ranch2,_7606,Ranch2_7606,-0.000645871,-0.0372336
20083,N20083,2017,833,390,4.425438,4,Ranch11,_7606,Ranch11_7606,-0.00852933,0.0134284
20084,N20084,2017,839,380,4.442446,17,Ranch2,_7626,Ranch2_7626,-0.00649515,-0.00589754
20085,N20085,2017,811,420,3.727047,34,STOFI-StThom,_7596,STOFI-StThom_7596,-0.00139103,0.0131907
20086,N20086,2017,893,420,4.537053,5,Ranch12,_7606,Ranch12_7606,-0.00319757,-0.0359585
20087,N20087,2017,827,380,5.703164,17,Ranch2,_7626,Ranch2_7626,0.000782737,-0.0228516
20088,N20088,2017,750,390,4.405241,5,Ranch12,_7606,Ranch12_7606,-0.00913281,-0.0107025
20089,N20089,2017,898,450,3.8663,5,Ranch12,_7606,Ranch12_7606,-0.00192927,-0.0118286
20090,N20090,2017,908,370,6.005056,5,Ranch12,_7606,Ranch12_7606,-0.000724073,-0.03371
20091,N20091,2017,924,470,6.005056,16,Ranch2,_7606,Ranch2_7606,-0.00414628,0.006106
20092,N20092,2017,862,380,3.830158,3,Ranch11,_7586,Ranch11_7586,0.0039703,-0.0166126
20093,N20093,2017,820,390,4.236224,5,Ranch12,_7606,Ranch12_7606,-0.000700652,-0.0297373
20094,N20094,2017,996,510,4.866583,6,Ranch12,_7626,Ranch12_7626,-0.00136099,-0.0262214
20095,N20095,2017,841,390,4.230909,24,Ranch5,_7606,Ranch5_7606,-0.00147918,-0.0192545
20096,N20096,2017,777,340,2.850072,24,Ranch5,_7606,Ranch5_7606,-0.00165238,-0.0386569
20097,N20097,2017,801,340,4.51473,6,Ranch12,_7626,Ranch12_7626,-0.00214577,-0.0393617
20098,N20098,2017,884,410,5.980607,17,Ranch2,_7626,Ranch2_7626,-0.009461,-0.0380874
20099,N20099,2017,910,690,3.106255,36,Ranch14,_7606,Ranch14_7606,0.00162824,0.0328815
20100,N20100,2017,1080,420,4.538116,36,Ranch14,_7606,Ranch14_7606,0.00409512,0.0240733
20101,N20101,2017,843,440,3.650511,4,Ranch11,_7606,Ranch11_7606,0.00340145,-0.0252803
20102,N20102,2017,894,460,4.724141,5,Ranch12,_7606,Ranch12_7606,-0.0079688,-0.0435402
20103,N20103,2017,885,430,3.258264,-999,Ranch11,_7626,Ranch11_7626,0.00916307,-0.0315836
20104,N20104,2017,860,220,4.460517,17,Ranch2,_7626,Ranch2_7626,-0.00304168,-0.0337907
20105,N20105,2017,811,390,3.279524,17,Ranch2,_7626,Ranch2_7626,-0.00756241,0.0046665
20106,N20106,2017,889,620,5.804149,16,Ranch2,_7606,Ranch2_7606,-0.00956591,-0.0201484
20107,N20107,2017,810,390,5.165286,17,Ranch2,_7626,Ranch2_7626,-0.0151885,-0.0338818
20108,N20108,2017,1019,420,4.476462,5,Ranch12,_7606,Ranch12_7606,-0.00999402,-0.0141901
20110,N20110,2017,-999,-999,3.03716,6,Ranch12,_7626,Ranch12_7626,-0.0100676,-0.0274454
20111,N20111,2017,-999,-999,5.28009,6,Ranch12,_7626,Ranch12_7626,-0.00681546,-0.0246584
30001,N30001,2017,898,410,4.304256,16,Ranch2,_7606,Ranch2_7606,-0.00821333,-0.055022
30002,N30002,2017,866,430,4.964379,28,STOFI-Bright,_7186,STOFI-Bright_7186,-0.0128223,-0.0350732
30003,N30003,2017,762,390,5.781826,28,STOFI-Bright,_7186,STOFI-Bright_7186,-0.00169996,0.0242566
30004,N30004,2017,841,290,5.180168,28,STOFI-Bright,_7186,STOFI-Bright_7186,-0.0109423,-0.0217742
30005,N30005,2017,895,450,5.728676,28,STOFI-Bright,_7186,STOFI-Bright_7186,-0.00323775,-0.00449284
30006,N30006,2017,757,420,4.975009,28,STOFI-Bright,_7186,STOFI-Bright_7186,-0.00750763,0.00801056
30007,N30007,2017,799,310,4.781543,19,Ranch3,_7186,Ranch3_7186,0.00296276,-0.0272838
30008,N30008,2017,816,510,6.457894,28,STOFI-Bright,_7186,STOFI-Bright_7186,-0.0124082,0.0141502
30009,N30009,2017,746,380,5.986985,28,STOFI-Bright,_7186,STOFI-Bright_7186,-0.00753808,0.0247717
30010,N30010,2017,847,410,5.754188,19,Ranch3,_7186,Ranch3_7186,-0.0112579,-0.0338924
30011,N30011,2017,894,380,5.564974,28,STOFI-Bright,_7186,STOFI-Bright_7186,0.000401485,0.0105495
30012,N30012,2017,846,410,6.135805,28,STOFI-Bright,_7186,STOFI-Bright_7186,-0.00859075,0.0263697
30013,N30013,2017,833,510,3.34543,28,STOFI-Bright,_7186,STOFI-Bright_7186,0.0019185,0.0379963
30014,N30014,2017,851,580,5.401272,28,STOFI-Bright,_7186,STOFI-Bright_7186,-0.00689335,0.0322705
30015,N30015,2017,929,290,5.961473,-999,Ranch2,_7186,Ranch2_7186,-0.00428301,-0.0522661
30016,N30016,2017,745,410,7.909952,19,Ranch3,_7186,Ranch3_7186,-0.00585594,-0.0280275
30017,N30017,2017,836,410,6.692817,28,STOFI-Bright,_7186,STOFI-Bright_7186,-0.00966597,-0.0496544
30018,N30018,2017,863,420,4.616778,19,Ranch3,_7186,Ranch3_7186,-0.00177344,0.000317101
30019,N30019,2017,795,480,5.72655,28,STOFI-Bright,_7186,STOFI-Bright_7186,-0.0110126,0.0353932
30020,N30020,2017,846,570,4.269177,28,STOFI-Bright,_7186,STOFI-Bright_7186,0.000588129,-0.026588
30021,N30021,2017,795,270,4.407367,19,Ranch3,_7186,Ranch3_7186,-0.00368614,-0.0274328
30022,N30022,2017,851,390,4.770913,28,STOFI-Bright,_7186,STOFI-Bright_7186,-0.0109516,-0.019574
30023,N30023,2017,816,450,4.863394,-999,Ranch6,_7186,Ranch6_7186,-0.0126085,0.00282294
30024,N30024,2017,903,610,3.944962,28,STOFI-Bright,_7186,STOFI-Bright_7186,-0.00314452,0.0312111
30025,N30025,2017,838,430,4.197956,28,STOFI-Bright,_7186,STOFI-Bright_7186,-0.00500405,0.0337215
30026,N30026,2017,909,510,4.87615,28,STOFI-Bright,_7186,STOFI-Bright_7186,0.000140903,0.0364105
30027,N30027,2017,866,510,4.176696,19,Ranch3,_7186,Ranch3_7186,-0.0014971,-0.0473866
30028,N30028,2017,937,380,-999,19,Ranch3,_7186,Ranch3_7186,0.00108185,-0.056909
30029,N30029,2017,845,510,-999,4,Ranch11,_7606,Ranch11_7606,0.00857504,-0.0313396
30030,N30030,2017,805,380,4.795362,5,Ranch12,_7606,Ranch12_7606,-0.000123105,-0.0502738
30031,N30031,2017,845,390,4.935678,2,Ranch11,_7566,Ranch11_7566,0.00355358,-0.0234937
30032,N30032,2017,807,340,7.192427,5,Ranch12,_7606,Ranch12_7606,-0.00540457,-0.0170638
30033,N30033,2017,949,380,6.373917,17,Ranch2,_7626,Ranch2_7626,-0.00345505,-0.038251
30034,N30034,2017,767,380,4.328705,4,Ranch11,_7606,Ranch11_7606,0.000822576,-0.00869694
30035,N30035,2017,899,340,6.408996,17,Ranch2,_7626,Ranch2_7626,0.0101842,0.0355172
30036,N30036,2017,841,380,5.764818,6,Ranch12,_7626,Ranch12_7626,0.000321452,-0.012428
30037,N30037,2017,839,410,5.121703,17,Ranch2,_7626,Ranch2_7626,0.00323017,0.0234685
30038,N30038,2017,808,440,7.886566,17,Ranch2,_7626,Ranch2_7626,-0.01291,-0.0437377
30039,N30039,2017,791,420,4.888906,5,Ranch12,_7606,Ranch12_7606,0.00235061,-0.00877809
30040,N30040,2017,888,390,4.901662,2,Ranch11,_7566,Ranch11_7566,-0.00457635,0.0102556
30041,N30041,2017,867,370,6.825692,6,Ranch12,_7626,Ranch12_7626,-0.00269735,-0.0191444
30042,N30042,2017,891,340,5.804149,16,Ranch2,_7606,Ranch2_7606,-0.00830684,-0.0284868
30043,N30043,2017,837,390,4.792173,17,Ranch2,_7626,Ranch2_7626,-0.0146822,-0.0330247
30044,N30044,2017,843,610,5.304539,5,Ranch12,_7606,Ranch12_7606,-0.00838118,-0.013529
30045,N30045,2017,860,360,4.368036,6,Ranch12,_7626,Ranch12_7626,-0.00111492,-0.0171617
30046,N30046,2017,824,410,5.3545,4,Ranch11,_7606,Ranch11_7606,-0.0118793,0.0170027
30047,N30047,2017,812,390,4.500911,16,Ranch2,_7606,Ranch2_7606,-0.000253318,-0.0270899
30048,N30048,2017,827,530,4.340398,5,Ranch12,_7606,Ranch12_7606,-0.0103715,-0.0269707
30049,N30049,2017,779,470,5.178042,17,Ranch2,_7626,Ranch2_7626,-0.00416701,-0.0116711
30050,N30050,2017,1068,570,4.348902,36,Ranch14,_7606,Ranch14_7606,0.00271701,0.00871891
30051,N30051,2017,756,410,3.583542,4,Ranch11,_7606,Ranch11_7606,-0.00457153,-0.0166835
30052,N30052,2017,839,390,4.64229,5,Ranch12,_7606,Ranch12_7606,-0.00469852,-0.0202639
30053,N30053,2017,1000,520,5.09938,16,Ranch2,_7606,Ranch2_7606,-0.00468371,-0.0441657
30054,N30054,2017,927,440,4.916544,-999,STOFI-StThom,_7606,STOFI-StThom_7606,-0.00589675,0.0204868
30055,N30055,2017,723,490,6.073088,17,Ranch2,_7626,Ranch2_7626,0.0028697,0.00677619
30056,N30056,2017,948,390,5.306665,19,Ranch3,_7186,Ranch3_7186,0.00019103,-0.0299163
30057,N30057,2017,949,390,4.629534,19,Ranch3,_7186,Ranch3_7186,-0.00711401,-0.0369868
30058,N30058,2017,873,530,4.795362,28,STOFI-Bright,_7186,STOFI-Bright_7186,-0.00398831,0.0639611
30059,N30059,2017,972,370,5.792456,19,Ranch3,_7186,Ranch3_7186,-0.00768914,-0.0190397
30060,N30060,2017,872,410,4.457328,28,STOFI-Bright,_7186,STOFI-Bright_7186,-0.00639932,0.00984811
30061,N30061,2017,912,410,6.805495,28,STOFI-Bright,_7186,STOFI-Bright_7186,-0.00919247,0.0252858
30062,N30062,2017,837,460,-999,28,STOFI-Bright,_7186,STOFI-Bright_7186,-0.011184,0.0639149
30063,N30063,2017,818,390,5.626628,5,Ranch12,_7606,Ranch12_7606,0.00463843,-0.0256853
30064,N30064,2017,792,390,-999,17,Ranch2,_7626,Ranch2_7626,-0.00442473,0.000536784
30065,N30065,2017,887,410,-999,19,Ranch3,_7186,Ranch3_7186,-0.00799067,-0.0375541
30066,N30066,2017,930,390,4.47221,19,Ranch3,_7186,Ranch3_7186,-0.00304832,0.0176999
30067,N30067,2017,786,410,4.530675,28,STOFI-Bright,_7186,STOFI-Bright_7186,-0.00424509,0.0117917
30068,N30068,2017,814,390,4.845323,17,Ranch2,_7626,Ranch2_7626,-0.0091201,-0.0172405
30069,N30069,2017,889,420,4.995206,-999,Ranch11,_7556,Ranch11_7556,0.00391435,-0.014882
30070,N30070,2017,889,720,4.919733,22,Ranch5,_7566,Ranch5_7566,-0.0129355,0.000374619
30071,N30071,2017,740,520,5.823283,33,STOFI-StThom,_7566,STOFI-StThom_7566,-0.00737056,0.0409281
30072,N30072,2017,864,680,4.686936,2,Ranch11,_7566,Ranch11_7566,0.0102946,-0.0238057
30073,N30073,2017,871,710,4.169255,8,Ranch14,_7566,Ranch14_7566,-0.0108795,-0.000274841
30074,N30074,2017,718,410,7.612312,25,Ranch6,_7556,Ranch6_7556,-0.00296212,-0.0369275
30075,N30075,2017,859,370,5.28009,25,Ranch6,_7556,Ranch6_7556,0.0120368,-0.0431189
30076,N30076,2017,844,410,4.295752,-999,STOFI-Parker,_7566,STOFI-Parker_7566,0.0120158,0.0382996
30077,N30077,2017,772,510,4.49347,25,Ranch6,_7556,Ranch6_7556,-0.00746757,0.0151371
30078,N30078,2017,771,420,6.918173,22,Ranch5,_7566,Ranch5_7566,8.73664E-05,-0.00131295
30079,N30079,2017,897,720,5.945528,33,STOFI-StThom,_7566,STOFI-StThom_7566,-0.00486031,0.0250607
30080,N30080,2017,745,520,7.093568,-999,STOFI-Parker,_7566,STOFI-Parker_7566,0.0199478,0.00727101
30081,N30081,2017,869,390,4.314886,8,Ranch14,_7566,Ranch14_7566,-0.0032962,0.025073
30082,N30082,2017,772,610,4.437131,33,STOFI-StThom,_7566,STOFI-StThom_7566,-0.00475337,-0.0176887
30083,N30083,2017,761,820,4.596581,33,STOFI-StThom,_7566,STOFI-StThom_7566,0.00107603,-0.0280771
30084,N30084,2017,831,420,5.2482,33,STOFI-StThom,_7566,STOFI-StThom_7566,0.0107682,-0.0704184
30085,N30085,2017,683,390,5.193987,25,Ranch6,_7556,Ranch6_7556,-0.00534308,-0.0197409
30086,N30086,2017,867,470,5.456548,-999,STOFI-Bright,_7556,STOFI-Bright_7556,-0.012836,-0.0104531
30087,N30087,2017,847,410,3.575038,25,Ranch6,_7556,Ranch6_7556,0.000571449,-0.0296738
30088,N30088,2017,842,420,6.904354,25,Ranch6,_7556,Ranch6_7556,-0.0012195,0.0624868
30089,N30089,2017,669,380,4.734771,25,Ranch6,_7556,Ranch6_7556,-0.012281,0.0840757
30090,N30090,2017,830,360,4.647605,25,Ranch6,_7556,Ranch6_7556,0.000797242,-0.00496532
30091,N30091,2017,812,390,5.353437,25,Ranch6,_7556,Ranch6_7556,-0.006306,-0.0444481
30092,N30092,2017,871,410,4.912292,22,Ranch5,_7566,Ranch5_7566,0.00955966,-0.0449503
30093,N30093,2017,980,680,-999,2,Ranch11,_7566,Ranch11_7566,-0.00869574,-0.0025525
30094,N30094,2017,747,480,-999,25,Ranch6,_7556,Ranch6_7556,-0.00241084,-0.00435598
30095,N30095,2017,638,390,5.530958,25,Ranch6,_7556,Ranch6_7556,-0.00127745,-0.0134711
30096,N30096,2017,667,390,6.82144,2,Ranch11,_7566,Ranch11_7566,0.00649844,0.04719
30097,N30097,2017,855,490,-999,13,Ranch2,_7566,Ranch2_7566,-0.0126961,-0.022671
30098,N30098,2017,825,510,5.118514,33,STOFI-StThom,_7566,STOFI-StThom_7566,-0.00380913,0.033286
30099,N30099,2017,897,420,5.629817,33,STOFI-StThom,_7566,STOFI-StThom_7566,-0.0050389,0.00345336
30100,N30100,2017,812,460,6.586517,-999,STOFI-Parker,_7566,STOFI-Parker_7566,0.0142671,0.047603
30101,N30101,2017,757,710,5.709542,33,STOFI-StThom,_7566,STOFI-StThom_7566,0.0142202,-0.0273626
30102,N30102,2017,897,510,8.006685,-999,Ranch8,_7556,Ranch8_7556,0.00552398,-0.0327196
30103,N30103,2017,921,610,5.924268,33,STOFI-StThom,_7566,STOFI-StThom_7566,0.00680963,0.00170871
30104,N30104,2017,854,310,4.615715,17,Ranch2,_7626,Ranch2_7626,-0.00167574,-0.00792755
30105,N30105,2017,917,510,4.705007,17,Ranch2,_7626,Ranch2_7626,-0.000393068,-0.00780182
30106,N30106,2017,795,460,5.096191,6,Ranch12,_7626,Ranch12_7626,0.00203354,-0.0281915
30107,N30107,2017,808,390,4.594455,16,Ranch2,_7606,Ranch2_7606,-0.00136796,-0.0256482
30108,N30108,2017,838,410,4.523234,6,Ranch12,_7626,Ranch12_7626,-0.00691383,-0.0245045
30109,N30109,2017,944,710,4.817685,24,Ranch5,_7606,Ranch5_7606,-0.00401968,0.00662723
30110,N30110,2017,992,390,-999,36,Ranch14,_7606,Ranch14_7606,-0.00506064,0.044128
30111,N30111,2017,820,430,3.984293,17,Ranch2,_7626,Ranch2_7626,-0.00263918,0.00339447
30112,N30112,2017,801,-999,-999,-999,Ranch8,_7556,Ranch8_7556,-999,-999
40001,N40001,2017,853,420,5.534147,34,STOFI-StThom,_7596,STOFI-StThom_7596,-0.0104491,0.0360893
40002,N40002,2017,691,430,4.52536,34,STOFI-StThom,_7596,STOFI-StThom_7596,-0.00050088,-0.0393748
40003,N40003,2017,878,520,5.08875,15,Ranch2,_7596,Ranch2_7596,0.00443202,0.0450935
40004,N40004,2017,679,430,7.277467,34,STOFI-StThom,_7596,STOFI-StThom_7596,0.00180143,0.00471917
40005,N40005,2017,708,410,6.95963,34,STOFI-StThom,_7596,STOFI-StThom_7596,-3.13268E-06,-0.0085043
40006,N40006,2017,861,410,5.735054,34,STOFI-StThom,_7596,STOFI-StThom_7596,-0.0100738,-0.0321639
40007,N40007,2017,700,570,5.027096,34,STOFI-StThom,_7596,STOFI-StThom_7596,-0.00576686,-0.00486724
40008,N40008,2017,679,410,4.398863,15,Ranch2,_7596,Ranch2_7596,-0.00679927,-0.0392027
40009,N40009,2017,735,320,8.136371,15,Ranch2,_7596,Ranch2_7596,0.0289482,0.00825765
40010,N40010,2017,748,440,6.60884,34,STOFI-StThom,_7596,STOFI-StThom_7596,-0.00319395,0.0311489
40011,N40011,2017,810,510,7.187112,15,Ranch2,_7596,Ranch2_7596,0.00360512,-0.00689352
40012,N40012,2017,681,310,4.625282,34,STOFI-StThom,_7596,STOFI-StThom_7596,0.0124813,-0.011394
40013,N40013,2017,824,520,4.315949,34,STOFI-StThom,_7596,STOFI-StThom_7596,-0.00167001,0.0227349
40014,N40014,2017,850,570,3.904568,15,Ranch2,_7596,Ranch2_7596,-0.00563515,-0.00443666
40015,N40015,2017,887,510,5.283279,34,STOFI-StThom,_7596,STOFI-StThom_7596,-0.00461335,0.0259686
40016,N40016,2017,721,460,4.158625,15,Ranch2,_7596,Ranch2_7596,0.0134498,0.0225031
40017,N40017,2017,730,610,5.058986,34,STOFI-StThom,_7596,STOFI-StThom_7596,-0.00789576,0.0281757
40018,N40018,2017,763,460,4.766661,15,Ranch2,_7596,Ranch2_7596,0.00510788,-0.0389469
40019,N40019,2017,724,610,5.356626,34,STOFI-StThom,_7596,STOFI-StThom_7596,-0.000530229,0.0159226
40020,N40020,2017,765,380,4.052325,34,STOFI-StThom,_7596,STOFI-StThom_7596,-0.00915431,0.0106262
40021,N40021,2017,756,340,6.694943,34,STOFI-StThom,_7596,STOFI-StThom_7596,-0.0121609,0.0340442
40022,N40022,2017,707,510,6.32183,34,STOFI-StThom,_7596,STOFI-StThom_7596,-0.000869368,0.0381313
40023,N40023,2017,734,460,4.564691,9,Ranch14,_7596,Ranch14_7596,-0.00599248,0.0443613
40024,N40024,2017,717,390,-999,23,Ranch5,_7596,Ranch5_7596,-999,-999
40025,N40025,-999,-999,-999,5.236507,-999,-999,-999,-999,0.0173417,-0.0194738
40026,N40026,2017,819,510,4.297878,34,STOFI-StThom,_7596,STOFI-StThom_7596,-0.00345806,0.0210697
40027,N40027,2017,712,280,4.983513,-999,Ranch3,_77146,Ranch3_77146,0.00478306,0.0222125
40028,N40028,2017,772,410,5.055797,1,Ranch1,_77146,Ranch1_77146,-0.00125182,-0.0117547
40029,N40029,2017,828,310,4.946308,1,Ranch1,_77146,Ranch1_77146,-0.00912261,-0.00715746
40030,N40030,2017,849,370,5.340681,1,Ranch1,_77146,Ranch1_77146,-0.0142231,0.0586508
40031,N40031,2017,759,360,6.762975,-999,Ranch3,_77146,Ranch3_77146,-0.00691689,-0.0194547
40032,N40032,2017,859,510,4.673117,1,Ranch1,_77146,Ranch1_77146,-0.00432801,0.062404
40033,N40033,2017,831,310,4.570006,1,Ranch1,_77146,Ranch1_77146,0.0113129,-0.0573603
40034,N40034,2017,867,390,5.614935,1,Ranch1,_77146,Ranch1_77146,-0.0108918,0.0642202
40035,N40035,2017,926,360,4.604022,1,Ranch1,_77146,Ranch1_77146,-0.00229139,0.0117283
40036,N40036,2017,1010,280,4.74859,1,Ranch1,_77146,Ranch1_77146,-0.0104277,-0.0177656
40037,N40037,2017,901,360,4.672054,1,Ranch1,_77146,Ranch1_77146,-0.00474702,-0.0174521
40038,N40038,2017,832,340,4.556187,1,Ranch1,_77146,Ranch1_77146,-0.00681959,0.0772704
40039,N40039,2017,868,410,4.144806,1,Ranch1,_77146,Ranch1_77146,-0.00413957,0.0649345
40040,N40040,2017,941,460,4.329768,1,Ranch1,_77146,Ranch1_77146,-0.00524269,-0.0282345
40041,N40041,2017,839,410,5.380012,-999,Ranch3,_77146,Ranch3_77146,-0.0058829,-0.0186739
40042,N40042,2017,861,520,3.751496,1,Ranch1,_77146,Ranch1_77146,-0.0110874,0.0354756
40043,N40043,2017,954,410,3.998112,1,Ranch1,_77146,Ranch1_77146,-0.00766192,0.0727109
40044,N40044,2017,913,510,4.676306,1,Ranch1,_77146,Ranch1_77146,-0.00934902,0.0510624
40045,N40045,2017,857,750,4.361658,1,Ranch1,_77146,Ranch1_77146,-0.0106054,0.045794
40046,N40046,2017,947,420,4.685873,1,Ranch1,_77146,Ranch1_77146,-0.00189667,-0.0299403
40047,N40047,2017,989,370,5.11001,1,Ranch1,_77146,Ranch1_77146,0.00873179,0.00226165
40048,N40048,2017,790,410,5.484186,1,Ranch1,_77146,Ranch1_77146,-0.00665777,-0.0386971
40049,N40049,2017,856,510,4.628471,1,Ranch1,_77146,Ranch1_77146,0.000295079,0.0526755
40050,N40050,2017,973,410,4.491344,1,Ranch1,_77146,Ranch1_77146,-0.0106217,0.0559016
40051,N40051,2017,879,360,4.188389,1,Ranch1,_77146,Ranch1_77146,-0.00697684,-0.0277331
40052,N40052,2017,828,420,4.473273,1,Ranch1,_77146,Ranch1_77146,-0.00294074,-0.0419297
40053,N40053,2017,874,280,5.251389,1,Ranch1,_77146,Ranch1_77146,-0.0115369,-0.0371131
40054,N40054,2017,845,310,5.360878,1,Ranch1,_77146,Ranch1_77146,-0.00485708,0.0756714
40055,N40055,2017,874,420,5.01434,1,Ranch1,_77146,Ranch1_77146,-0.0076502,0.0611575
40056,N40056,2017,800,310,4.816622,-999,Ranch3,_77146,Ranch3_77146,-0.00171165,-0.0330137
40057,N40057,2017,870,410,4.853827,1,Ranch1,_77146,Ranch1_77146,-0.00575935,0.0603343
40058,N40058,2017,899,410,5.191861,1,Ranch1,_77146,Ranch1_77146,0.00584879,0.0227459
40059,N40059,2017,773,410,4.673117,23,Ranch5,_7596,Ranch5_7596,-0.00207837,-0.00722033
40060,N40060,2017,706,280,4.354217,15,Ranch2,_7596,Ranch2_7596,0.00252824,-0.0501407
40061,N40061,2017,695,360,4.356343,1,Ranch1,_77146,Ranch1_77146,-0.00750436,0.0642106
40062,N40062,2017,791,430,4.402052,34,STOFI-StThom,_7596,STOFI-StThom_7596,-0.00288816,-0.00374849
40063,N40063,2017,852,620,4.13205,34,STOFI-StThom,_7596,STOFI-StThom_7596,-0.00423368,-0.0143147
40064,N40064,2017,899,430,4.411619,1,Ranch1,_77146,Ranch1_77146,-0.00498998,-0.0166298
40065,N40065,2017,705,420,4.495596,15,Ranch2,_7596,Ranch2_7596,-0.00207964,-0.0137953
40066,N40066,2017,883,410,5.055797,34,STOFI-StThom,_7596,STOFI-StThom_7596,-0.00337775,0.0620416
40067,N40067,2017,754,710,4.257484,34,STOFI-StThom,_7596,STOFI-StThom_7596,-0.00490888,0.0103221
40068,N40068,2017,843,390,3.733425,34,STOFI-StThom,_7596,STOFI-StThom_7596,0.00218485,-0.00992473
40069,N40069,2017,983,420,4.6362309,1,Ranch1,_77146,Ranch1_77146,-0.00610261,0.000628792
40070,N40070,2017,767,610,5.472493,23,Ranch5,_7596,Ranch5_7596,-0.00657175,-0.0334798
40071,N40071,2017,762,490,4.911229,34,STOFI-StThom,_7596,STOFI-StThom_7596,-0.000596544,0.0401967
40072,N40072,2017,867,410,4.63166,9,Ranch14,_7596,Ranch14_7596,-0.00406991,0.0410229
40073,N40073,2017,827,390,4.409493,34,STOFI-StThom,_7596,STOFI-StThom_7596,0.00187646,-0.0177332
40074,N40074,2017,762,610,5.335366,15,Ranch2,_7596,Ranch2_7596,-0.00148187,-0.00757708
40075,N40075,2017,882,320,4.274492,1,Ranch1,_77146,Ranch1_77146,-0.0029315,0.065996
40076,N40076,2017,865,420,4.0789,1,Ranch1,_77146,Ranch1_77146,0.00331611,-0.0161425
40077,N40077,2017,881,310,7.397586,1,Ranch1,_77146,Ranch1_77146,-0.00340774,-0.037661
40078,N40078,2017,980,410,4.74859,1,Ranch1,_77146,Ranch1_77146,0.000829699,-0.0388312
40079,N40079,2017,896,420,4.572132,-999,-999,-999,-999,-0.00940975,-0.0122494
40080,N40080,2017,849,370,6.017812,1,Ranch1,_77146,Ranch1_77146,0.00107716,-0.0111241
40081,N40081,2017,792,430,5.993363,1,Ranch1,_77146,Ranch1_77146,0.000595603,0.0524894
40082,N40082,2017,714,390,5.340681,1,Ranch1,_77146,Ranch1_77146,0.0031325,0.0277365
40083,N40083,2017,931,410,4.45095,1,Ranch1,_77146,Ranch1_77146,-0.0072721,-0.0347391
40084,N40084,2017,793,410,3.901379,1,Ranch1,_77146,Ranch1_77146,-0.00379125,0.062198
40085,N40085,2017,759,510,5.041978,1,Ranch1,_77146,Ranch1_77146,-0.00974044,-0.0231932
40086,N40086,2017,743,520,-999,1,Ranch1,_77146,Ranch1_77146,-0.0142072,-0.0459893
40087,N40087,2017,823,-999,5.094065,-999,Ranch3,_77146,Ranch3_77146,-0.0059082,-0.0140169
40088,N40088,2017,805,510,4.465832,1,Ranch1,_77146,Ranch1_77146,-0.0106714,0.00459272
40089,N40089,2017,695,390,4.925048,1,Ranch1,_77146,Ranch1_77146,0.00931048,0.0299
40090,N40090,2017,846,380,4.494533,1,Ranch1,_77146,Ranch1_77146,-0.00400001,-0.0422659
40091,N40091,2017,811,280,4.000238,1,Ranch1,_77146,Ranch1_77146,0.00641764,0.0132328
40092,N40092,2017,862,510,4.598707,1,Ranch1,_77146,Ranch1_77146,-0.00524513,-0.0278796
40093,N40093,2017,995,480,3.896064,1,Ranch1,_77146,Ranch1_77146,-0.0114992,0.0557291
40094,N40094,2017,828,430,4.548746,1,Ranch1,_77146,Ranch1_77146,-0.00491459,0.0105962
40095,N40095,2017,884,510,4.327642,1,Ranch1,_77146,Ranch1_77146,-0.00330735,-0.0313452
40096,N40096,2017,866,490,4.396737,1,Ranch1,_77146,Ranch1_77146,0.00259358,-0.0130808
40097,N40097,2017,840,510,4.602959,1,Ranch1,_77146,Ranch1_77146,-0.00774953,-0.00603907
40098,N40098,2017,801,610,6.19427,1,Ranch1,_77146,Ranch1_77146,-0.00744711,-0.0499631
40099,N40099,2017,869,490,4.396737,1,Ranch1,_77146,Ranch1_77146,0.00131973,-0.0234404
40100,N40100,2017,877,510,4.35528,1,Ranch1,_77146,Ranch1_77146,-0.0019298,0.0706975
40101,N40101,2017,793,520,4.199019,1,Ranch1,_77146,Ranch1_77146,-0.0012778,-0.0130079
40102,N40102,-999,-999,-999,4.602959,-999,-999,-999,-999,-0.00353689,0.0199777
40103,N40103,2017,923,450,5.678715,-999,Ranch3,_77146,Ranch3_77146,0.00701324,0.0149339
40104,N40104,2017,852,420,4.808118,1,Ranch1,_77146,Ranch1_77146,-0.0119398,0.00182684
40105,N40105,2017,1020,740,4.595518,1,Ranch1,_77146,Ranch1_77146,-0.00483932,-0.0152187
40106,N40106,2017,760,410,4.443509,1,Ranch1,_77146,Ranch1_77146,-0.00879465,-0.0117493
40107,N40107,2017,869,620,4.550872,1,Ranch1,_77146,Ranch1_77146,0.0035715,-0.027803
40108,N40108,2017,860,420,4.696503,1,Ranch1,_77146,Ranch1_77146,0.00580851,0.0520304
40109,N40109,2017,764,410,5.041978,1,Ranch1,_77146,Ranch1_77146,-0.00590525,0.0495645
40110,N40110,2017,961,410,5.179105,1,Ranch1,_77146,Ranch1_77146,-0.0133775,-0.042256
40111,N40111,2017,784,410,3.997049,1,Ranch1,_77146,Ranch1_77146,-0.00648125,0.0815637
50001,N50001,2017,883,390,5.002647,33,STOFI-StThom,_7566,STOFI-StThom_7566,-0.0084726,0.0597975
50002,N50002,2017,826,-999,4.995206,13,Ranch2,_7566,Ranch2_7566,0.00796495,-0.0321989
50003,N50003,2017,735,-999,5.340681,-999,-999,_7566,0_7566,-999,-999
50004,N50004,2017,760,-999,5.223751,2,Ranch11,_7566,Ranch11_7566,0.0157325,-0.0731763
50005,N50005,2017,805,720,4.412682,13,Ranch2,_7566,Ranch2_7566,0.0087322,0.0345979
50006,N50006,2017,903,480,5.096191,33,STOFI-StThom,_7566,STOFI-StThom_7566,-0.00528056,-0.0205099
50007,N50007,2017,711,420,4.088467,33,STOFI-StThom,_7566,STOFI-StThom_7566,0.00312796,0.0386643
50008,N50008,2017,836,320,-999,2,Ranch11,_7566,Ranch11_7566,0.0119002,-0.0559787
50009,N50009,2017,752,670,4.420123,33,STOFI-StThom,_7566,STOFI-StThom_7566,0.0147243,-0.0116881
50010,N50010,2017,894,420,5.117451,22,Ranch5,_7566,Ranch5_7566,-0.0107529,0.00761184
50011,N50011,2017,780,410,4.579573,33,STOFI-StThom,_7566,STOFI-StThom_7566,-0.00869138,0.0346799
50012,N50012,2017,893,480,3.977915,8,Ranch14,_7566,Ranch14_7566,0.00938863,0.0120081
50013,N50013,2017,921,510,3.670708,8,Ranch14,_7566,Ranch14_7566,0.000724717,0.0382771
50014,N50014,2017,861,360,5.228003,22,Ranch5,_7566,Ranch5_7566,0.0125082,-0.0120371
50015,N50015,2017,709,580,7.324239,33,STOFI-StThom,_7566,STOFI-StThom_7566,-0.00516835,0.0462844
50016,N50016,2017,888,630,4.79111,22,Ranch5,_7566,Ranch5_7566,0.00517894,0.000485611
50017,N50017,2017,864,360,4.22772,2,Ranch11,_7566,Ranch11_7566,0.00767554,-0.0313632
50018,N50018,2017,805,360,5.84348,2,Ranch11,_7566,Ranch11_7566,0.00674948,-0.027846
50019,N50019,2017,766,440,3.713228,33,STOFI-StThom,_7566,STOFI-StThom_7566,-0.00661458,0.0136593
50020,N50020,2017,953,370,4.329768,22,Ranch5,_7566,Ranch5_7566,0.0108793,-0.0484594
50021,N50021,2017,853,420,4.356343,22,Ranch5,_7566,Ranch5_7566,0.00418513,-0.0308428
50022,N50022,2017,835,410,4.767724,2,Ranch11,_7566,Ranch11_7566,-0.000845112,-0.00207027
50023,N50023,2017,840,470,3.607991,13,Ranch2,_7566,Ranch2_7566,-0.00499174,-0.0252142
50024,N50024,2017,789,610,6.402618,33,STOFI-StThom,_7566,STOFI-StThom_7566,-0.00685698,0.0565452
50025,N50025,2017,728,410,4.570006,33,STOFI-StThom,_7566,STOFI-StThom_7566,-0.0101809,-0.0102502
50026,N50026,2017,842,410,4.175633,2,Ranch11,_7566,Ranch11_7566,0.0122604,-0.0603048
50027,N50027,2017,916,470,4.314886,2,Ranch11,_7566,Ranch11_7566,-0.00353654,-0.0062945
50028,N50028,2017,781,340,4.793236,22,Ranch5,_7566,Ranch5_7566,0.00307412,-0.00390414
50029,N50029,2017,854,610,5.867929,33,STOFI-StThom,_7566,STOFI-StThom_7566,-0.00484841,-0.0142715
50030,N50030,2017,880,420,4.035317,22,Ranch5,_7566,Ranch5_7566,-0.00259132,-0.00130787
50031,N50031,2017,912,410,4.22772,13,Ranch2,_7566,Ranch2_7566,0.0115004,-0.00696545
50032,N50032,2017,879,340,4.774102,33,STOFI-StThom,_7566,STOFI-StThom_7566,-0.00487578,-0.0207053
50033,N50033,2017,799,320,4.175633,2,Ranch11,_7566,Ranch11_7566,-0.0095062,-0.00253499
50034,N50034,2017,756,470,4.64229,2,Ranch11,_7566,Ranch11_7566,0.00915933,-0.0517837
50035,N50035,2017,779,460,4.743275,2,Ranch11,_7566,Ranch11_7566,0.0045011,-0.0112114
50036,N50036,2017,913,340,4.507289,2,Ranch11,_7566,Ranch11_7566,0.000216048,-0.0194297
50037,N50037,2017,888,470,5.128081,2,Ranch11,_7566,Ranch11_7566,-0.00887708,0.000299677
50038,N50038,2017,723,310,4.643353,4,Ranch11,_7606,Ranch11_7606,0.00798597,-0.0187372
50039,N50039,2017,818,420,5.627691,6,Ranch12,_7626,Ranch12_7626,0.000343581,-0.0162491
50040,N50040,2017,788,480,4.19583,17,Ranch2,_7626,Ranch2_7626,-0.00825434,0.0487645
50041,N50041,2017,752,210,4.764535,6,Ranch12,_7626,Ranch12_7626,0.00355963,-0.0191946
50042,N50042,2017,708,430,8.550941,34,STOFI-StThom,_7596,STOFI-StThom_7596,0.00101235,0.0196122
50043,N50043,2017,752,310,4.902725,15,Ranch2,_7596,Ranch2_7596,0.00237308,0.00673432
50044,N50044,2017,804,360,5.727613,5,Ranch12,_7606,Ranch12_7606,-0.0114786,-0.0208489
50045,N50045,2017,773,610,4.893158,16,Ranch2,_7606,Ranch2_7606,0.0099601,-0.0117316
50046,N50046,2017,750,410,4.664613,17,Ranch2,_7626,Ranch2_7626,0.00628305,0.0354586
50047,N50047,2017,819,430,3.822717,4,Ranch11,_7606,Ranch11_7606,-0.00882174,0.012035
50048,N50048,2017,711,370,4.399926,34,STOFI-StThom,_7596,STOFI-StThom_7596,-0.00832874,0.0242508
50049,N50049,2017,922,460,5.37576,34,STOFI-StThom,_7596,STOFI-StThom_7596,0.00814562,0.00612546
50050,N50050,2017,792,460,4.427564,5,Ranch12,_7606,Ranch12_7606,-0.00761308,-0.0250166
50051,N50051,2017,821,410,6.0986,6,Ranch12,_7626,Ranch12_7626,0.00687007,-0.0223999
50052,N50052,2017,828,410,4.129924,17,Ranch2,_7626,Ranch2_7626,-0.00555411,-0.0147654
50053,N50053,2017,848,390,4.113979,17,Ranch2,_7626,Ranch2_7626,0.0099803,0.0333477
50054,N50054,2017,730,390,5.452296,15,Ranch2,_7596,Ranch2_7596,0.00223842,-0.000580084
50055,N50055,2017,605,380,4.955875,34,STOFI-StThom,_7596,STOFI-StThom_7596,-0.00835116,0.0473257
50056,N50056,2017,667,430,-999,34,STOFI-StThom,_7596,STOFI-StThom_7596,0.00296852,-0.00669929
50057,N50057,2017,781,510,3.929017,6,Ranch12,_7626,Ranch12_7626,-0.00482815,-0.0181826
50058,N50058,2017,639,510,5.47143,34,STOFI-StThom,_7596,STOFI-StThom_7596,0.014921,0.000558277
50059,N50059,2017,670,390,5.445918,34,STOFI-StThom,_7596,STOFI-StThom_7596,0.00623673,-0.0465108
50060,N50060,2017,799,-999,3.936458,34,STOFI-StThom,_7596,STOFI-StThom_7596,0.00367435,0.0115164
50061,N50061,2017,747,410,5.474619,17,Ranch2,_7626,Ranch2_7626,-0.00616448,0.0536889
50062,N50062,2017,697,360,4.698629,34,STOFI-StThom,_7596,STOFI-StThom_7596,0.00127417,-0.0123216
50063,N50063,2017,777,770,4.420123,34,STOFI-StThom,_7596,STOFI-StThom_7596,-0.00951134,0.0161838
50064,N50064,2017,828,420,4.441383,17,Ranch2,_7626,Ranch2_7626,-0.00486896,-0.0285127
50065,N50065,2017,811,530,4.819811,15,Ranch2,_7596,Ranch2_7596,-0.00127578,-0.00988189
50066,N50066,2017,812,420,5.028159,6,Ranch12,_7626,Ranch12_7626,-0.00825822,-0.0199355
50067,N50067,2017,795,370,4.554061,17,Ranch2,_7626,Ranch2_7626,-0.0029726,-0.032201
50068,N50068,2017,819,410,5.157845,24,Ranch5,_7606,Ranch5_7606,-0.00227312,-0.0303887
50069,N50069,2017,701,430,4.744338,34,STOFI-StThom,_7596,STOFI-StThom_7596,0.0167004,-0.0359263
50070,N50070,2017,808,380,4.382918,15,Ranch2,_7596,Ranch2_7596,-0.00332183,-0.00165529
50071,N50071,2017,836,620,4.615715,15,Ranch2,_7596,Ranch2_7596,-0.00425158,0.000379109
50072,N50072,2017,797,420,6.657738,-999,STOFI-StThom,_7626,STOFI-StThom_7626,-0.00478281,0.0325184
50073,N50073,2017,762,390,4.044884,34,STOFI-StThom,_7596,STOFI-StThom_7596,-0.000483296,0.0390931
50074,N50074,2017,819,430,5.702101,34,STOFI-StThom,_7596,STOFI-StThom_7596,-0.0112519,0.025278
50075,N50075,2017,733,420,4.031065,34,STOFI-StThom,_7596,STOFI-StThom_7596,-0.00945244,0.0561153
50076,N50076,2017,746,470,4.474336,16,Ranch2,_7606,Ranch2_7606,-0.0063577,0.000641989
50077,N50077,2017,813,410,4.171381,28,STOFI-Bright,_7186,STOFI-Bright_7186,0.00968849,-0.0116556
50078,N50078,2017,923,420,5.111073,28,STOFI-Bright,_7186,STOFI-Bright_7186,0.000583457,0.0385944
50079,N50079,2017,1028,380,-999,19,Ranch3,_7186,Ranch3_7186,-0.000284612,-0.0537781
50080,N50080,2017,1009,450,6.267617,28,STOFI-Bright,_7186,STOFI-Bright_7186,0.000292462,-0.0237435
50081,N50081,2017,951,350,6.492973,19,Ranch3,_7186,Ranch3_7186,-0.00848886,-0.046627
50082,N50082,2017,770,410,4.407367,19,Ranch3,_7186,Ranch3_7186,0.0010645,0.027097
50083,N50083,2017,832,380,4.910166,28,STOFI-Bright,_7186,STOFI-Bright_7186,0.00385117,0.0311004
50084,N50084,2017,836,440,3.924765,-999,Ranch2,_7186,Ranch2_7186,-0.0049443,0.00374772
50085,N50085,2017,912,420,4.808118,19,Ranch3,_7186,Ranch3_7186,-0.00125964,-0.0216579
50086,N50086,2017,993,390,3.854607,19,Ranch3,_7186,Ranch3_7186,-0.0120926,0.00517433
50087,N50087,2017,951,570,5.675526,-999,Ranch2,_7186,Ranch2_7186,-0.00836346,0.0093712
50088,N50088,2017,969,290,6.306948,19,Ranch3,_7186,Ranch3_7186,-0.0081912,-0.0303124
50089,N50089,2017,948,380,5.007962,19,Ranch3,_7186,Ranch3_7186,0.00165249,0.0403637
50090,N50090,2017,917,340,4.864457,19,Ranch3,_7186,Ranch3_7186,-0.00180695,0.0208446
50091,N50091,2017,868,420,4.592329,28,STOFI-Bright,_7186,STOFI-Bright_7186,-0.00140177,0.0105921
50092,N50092,2017,834,680,4.008742,28,STOFI-Bright,_7186,STOFI-Bright_7186,0.00767537,0.0292118
50093,N50093,2017,845,610,5.647888,28,STOFI-Bright,_7186,STOFI-Bright_7186,-0.00943227,0.0575521
50094,N50094,2017,829,410,5.681904,19,Ranch3,_7186,Ranch3_7186,-0.00133905,-0.0422664
50095,N50095,2017,955,440,4.348902,28,STOFI-Bright,_7186,STOFI-Bright_7186,-0.00748745,0.0121803
50096,N50096,2017,786,510,5.825409,-999,Ranch6,_7186,Ranch6_7186,-0.0044903,0.00900384
50097,N50097,2017,910,520,4.693314,19,Ranch3,_7186,Ranch3_7186,-0.00560926,-0.0306599
50098,N50098,2017,850,420,6.170884,28,STOFI-Bright,_7186,STOFI-Bright_7186,-0.0122783,0.00971711
50099,N50099,2017,927,410,5.08875,19,Ranch3,_7186,Ranch3_7186,-9.36047E-05,0.00808552
50100,N50100,2017,850,420,5.587297,19,Ranch3,_7186,Ranch3_7186,-0.004286,-0.0261554
50101,N50101,2017,880,340,5.103632,19,Ranch3,_7186,Ranch3_7186,0.00719874,0.0119303
50102,N50102,2017,859,420,4.122483,28,STOFI-Bright,_7186,STOFI-Bright_7186,-0.00329615,0.0127678
50103,N50103,2017,753,410,4.460517,-999,Ranch6,_7186,Ranch6_7186,-0.00998552,0.0168115
50104,N50104,2017,809,360,5.849858,19,Ranch3,_7186,Ranch3_7186,-0.00556677,-0.0182683
50105,N50105,2017,803,420,4.349965,19,Ranch3,_7186,Ranch3_7186,-0.00191716,-0.0271039
50106,N50106,2017,914,410,8.233104,28,STOFI-Bright,_7186,STOFI-Bright_7186,-0.00153195,-0.015006
50107,N50107,2017,794,420,3.831221,19,Ranch3,_7186,Ranch3_7186,-0.00435739,-0.0638781
50108,N50108,2017,866,-999,4.422249,19,Ranch3,_7186,Ranch3_7186,-0.00296,-0.00324911
50109,N50109,2017,877,-999,5.002647,28,STOFI-Bright,_7186,STOFI-Bright_7186,-0.00610843,0.0279122
50110,N50110,2017,923,-999,4.862331,19,Ranch3,_7186,Ranch3_7186,-0.00389737,-0.0407234
60001,N60001,2017,848,410,4.343587,17,Ranch2,_7626,Ranch2_7626,-0.00273378,-0.00723013
60002,N60002,2017,881,460,5.523517,16,Ranch2,_7606,Ranch2_7606,-0.00228841,-0.00911952
60003,N60003,2017,741,470,4.176696,17,Ranch2,_7626,Ranch2_7626,-0.00607548,0.00132541
60004,N60004,2017,796,440,5.687219,16,Ranch2,_7606,Ranch2_7606,-0.00634532,-0.0121863
60005,N60005,2017,755,510,4.13205,17,Ranch2,_7626,Ranch2_7626,-0.00328636,-0.00577019
60006,N60006,2017,883,350,5.83285,16,Ranch2,_7606,Ranch2_7606,0.0288676,0.0223778
60007,N60007,2017,719,410,6.902228,24,Ranch5,_7606,Ranch5_7606,0.00147313,-0.0263813
60008,N60008,2017,800,520,4.064018,17,Ranch2,_7626,Ranch2_7626,-0.0019078,0.0497217
60009,N60009,2017,819,390,7.762195,16,Ranch2,_7606,Ranch2_7606,-0.000995475,-0.0221865
60010,N60010,2017,696,320,4.816622,17,Ranch2,_7626,Ranch2_7626,-0.00127197,-0.00968691
60011,N60011,2017,829,550,4.107601,16,Ranch2,_7606,Ranch2_7606,-0.00607384,-0.0391748
60012,N60012,2017,768,420,4.614652,4,Ranch11,_7606,Ranch11_7606,0.00761979,-0.0117997
60013,N60013,2017,907,460,4.550872,16,Ranch2,_7606,Ranch2_7606,-0.0119039,-0.0187112
60014,N60014,2017,808,420,6.099663,17,Ranch2,_7626,Ranch2_7626,-0.0047951,-0.00534304
60015,N60015,2017,802,590,4.15331,17,Ranch2,_7626,Ranch2_7626,-0.00513068,0.0207475
60016,N60016,2017,857,510,-999,17,Ranch2,_7626,Ranch2_7626,-0.00778893,0.0163617
60017,N60017,2017,757,390,6.896913,17,Ranch2,_7626,Ranch2_7626,0.000719479,-0.00957729
60018,N60018,2017,851,410,5.277964,5,Ranch12,_7606,Ranch12_7606,-0.00504796,-0.000759679
60019,N60019,2017,915,420,4.412682,5,Ranch12,_7606,Ranch12_7606,-0.00425621,-0.037358
60020,N60020,2017,815,420,5.101506,5,Ranch12,_7606,Ranch12_7606,0.00385704,-0.0231807
60021,N60021,2017,685,630,5.812653,6,Ranch12,_7626,Ranch12_7626,-0.00132014,-0.0395017
60022,N60022,2017,753,390,3.91945,17,Ranch2,_7626,Ranch2_7626,0.0045671,-0.0362226
60023,N60023,2017,811,440,4.363784,17,Ranch2,_7626,Ranch2_7626,-0.0119252,-0.0214727
60024,N60024,2017,888,450,4.511541,16,Ranch2,_7606,Ranch2_7606,-0.00482542,-0.00198596
60025,N60025,2017,767,420,6.18364,6,Ranch12,_7626,Ranch12_7626,-0.00104413,-0.0271567
60026,N60026,2017,816,430,6.737463,-999,STOFI-StThom,_7606,STOFI-StThom_7606,-0.00498714,-0.000042721
60027,N60027,2017,753,410,3.612243,17,Ranch2,_7626,Ranch2_7626,-0.00668744,-0.0410109
60028,N60028,2017,897,680,3.999175,17,Ranch2,_7626,Ranch2_7626,-0.0117024,-0.0393344
60029,N60029,2017,827,380,5.81159,17,Ranch2,_7626,Ranch2_7626,-0.00823135,-0.00888587
60030,N60030,2017,901,420,4.409493,24,Ranch5,_7606,Ranch5_7606,-0.0023936,0.0568747
60031,N60031,2017,787,420,3.965159,16,Ranch2,_7606,Ranch2_7606,-0.00557415,-0.022868
60032,N60032,2017,829,410,6.581202,6,Ranch12,_7626,Ranch12_7626,-0.00543116,-0.0400888
60033,N60033,2017,808,470,4.371225,17,Ranch2,_7626,Ranch2_7626,-0.0125089,-2.48707E-05
60034,N60034,2017,816,460,4.301067,4,Ranch11,_7606,Ranch11_7606,0.0127308,0.0106404
60035,N60035,2017,737,460,5.69466,5,Ranch12,_7606,Ranch12_7606,0.000759735,-0.0219531
60036,N60036,2017,878,380,4.200082,17,Ranch2,_7626,Ranch2_7626,-0.0138264,-0.0391614
60037,N60037,2017,778,360,5.361941,6,Ranch12,_7626,Ranch12_7626,-0.00114815,-0.0206403
60038,N60038,2017,737,390,5.826472,7,Ranch13,_7096,Ranch13_7096,0.004946,-0.00817768
60039,N60039,2017,696,470,4.817685,7,Ranch13,_7096,Ranch13_7096,-0.00661642,-0.0356544
60040,N60040,2017,888,430,4.01512,7,Ranch13,_7096,Ranch13_7096,0.0031927,0.00513436
60041,N60041,2017,967,430,4.653983,7,Ranch13,_7096,Ranch13_7096,-0.00565231,-0.0239793
60042,N60042,2017,726,530,5.651077,7,Ranch13,_7096,Ranch13_7096,-0.00274651,-0.00383047
60043,N60043,2017,841,420,5.537336,7,Ranch13,_7096,Ranch13_7096,0.00658023,-0.0224798
60044,N60044,2017,793,360,4.436068,7,Ranch13,_7096,Ranch13_7096,0.00528094,-0.00596691
60045,N60045,2017,725,440,6.952189,7,Ranch13,_7096,Ranch13_7096,-0.00501509,-0.0521744
60046,N60046,2017,828,430,4.421186,7,Ranch13,_7096,Ranch13_7096,0.00251858,-0.0348061
60047,N60047,2017,804,510,4.879339,7,Ranch13,_7096,Ranch13_7096,0.00500357,-0.00494134
60048,N60048,2017,860,390,5.455485,7,Ranch13,_7096,Ranch13_7096,-0.00771115,0.00185538
60049,N60049,2017,731,340,4.354217,7,Ranch13,_7096,Ranch13_7096,0.000636532,-0.0124767
60050,N60050,2017,834,340,6.983016,7,Ranch13,_7096,Ranch13_7096,-0.00999189,-0.0328885
60051,N60051,2017,749,370,5.735054,7,Ranch13,_7096,Ranch13_7096,0.00321921,-0.00898125
60052,N60052,2017,818,350,4.699692,7,Ranch13,_7096,Ranch13_7096,-0.00642477,-0.0183762
60053,N60053,2017,861,390,5.356626,7,Ranch13,_7096,Ranch13_7096,0.00678817,-0.0227537
60054,N60054,2017,786,510,4.750716,24,Ranch5,_7606,Ranch5_7606,-0.00364916,-0.00879788
60055,N60055,2017,845,420,4.171381,7,Ranch13,_7096,Ranch13_7096,-0.00777095,-0.0384915
60056,N60056,2017,893,430,4.644416,7,Ranch13,_7096,Ranch13_7096,0.00156803,0.00424367
60057,N60057,2017,917,430,4.627408,7,Ranch13,_7096,Ranch13_7096,-0.00544306,-0.0187426
60058,N60058,2017,891,410,5.007962,7,Ranch13,_7096,Ranch13_7096,0.00430241,-0.0408858
60059,N60059,2017,915,370,5.132333,7,Ranch13,_7096,Ranch13_7096,-0.00672793,-0.03432
60060,N60060,2017,831,470,5.98167,7,Ranch13,_7096,Ranch13_7096,-0.006098,-0.0280208
60061,N60061,2017,979,420,3.69622,7,Ranch13,_7096,Ranch13_7096,0.00655482,0.00751801
60062,N60062,2017,900,390,4.920796,7,Ranch13,_7096,Ranch13_7096,-0.006078,-0.031355
60063,N60063,2017,771,410,6.702384,7,Ranch13,_7096,Ranch13_7096,0.00319288,-0.0262491
60064,N60064,2017,816,410,4.909103,7,Ranch13,_7096,Ranch13_7096,-0.00840027,-0.0230043
60065,N60065,2017,744,370,4.59977,7,Ranch13,_7096,Ranch13_7096,-0.00856826,-0.0236142
60066,N60066,2017,743,430,4.677369,7,Ranch13,_7096,Ranch13_7096,-0.00696907,-0.0458713
60067,N60067,2017,760,410,5.263082,7,Ranch13,_7096,Ranch13_7096,-0.000650138,0.00871699
60068,N60068,2017,924,420,3.438974,7,Ranch13,_7096,Ranch13_7096,0.00292323,-0.00456141
60069,N60069,2017,782,370,5.22694,7,Ranch13,_7096,Ranch13_7096,0.00189823,-0.00540696
60070,N60070,2017,887,380,5.55647,7,Ranch13,_7096,Ranch13_7096,0.00115919,-0.0392395
60071,N60071,2017,902,360,5.730802,7,Ranch13,_7096,Ranch13_7096,-0.00126555,-0.0176132
60072,N60072,2017,877,320,4.113979,7,Ranch13,_7096,Ranch13_7096,0.00978564,-0.0178789
60073,N60073,2017,893,430,4.798551,7,Ranch13,_7096,Ranch13_7096,-0.00641428,-0.028192
60074,N60074,2017,726,390,4.306382,7,Ranch13,_7096,Ranch13_7096,0.000665902,-0.0232844
60075,N60075,2017,901,420,3.938584,7,Ranch13,_7096,Ranch13_7096,-0.0126164,-0.0138495
60076,N60076,2017,784,410,5.18442,7,Ranch13,_7096,Ranch13_7096,-0.00504898,-0.0334021
60077,N60077,2017,872,420,5.51395,7,Ranch13,_7096,Ranch13_7096,-0.00400574,-0.0387792
60078,N60078,2017,838,390,5.539462,7,Ranch13,_7096,Ranch13_7096,-0.00325058,-0.0247066
60079,N60079,2017,850,360,4.438194,7,Ranch13,_7096,Ranch13_7096,-0.000712335,-0.00759596
60080,N60080,2017,829,330,6.361161,7,Ranch13,_7096,Ranch13_7096,-0.00416515,-0.0353594
60081,N60081,2017,773,810,5.735054,7,Ranch13,_7096,Ranch13_7096,-0.00320478,-0.0445708
60082,N60082,2017,762,510,5.468241,7,Ranch13,_7096,Ranch13_7096,-0.0050172,-0.0438967
60083,N60083,2017,863,420,6.922425,7,Ranch13,_7096,Ranch13_7096,0.00055911,-0.0385729
60084,N60084,2017,758,440,6.023127,7,Ranch13,_7096,Ranch13_7096,-0.00199881,0.0076327
60085,N60085,2017,922,460,5.318358,7,Ranch13,_7096,Ranch13_7096,-0.00408784,-0.0341025
60086,N60086,2017,793,370,4.295752,7,Ranch13,_7096,Ranch13_7096,-0.000819476,-0.0212121
60087,N60087,2017,730,440,5.87537,7,Ranch13,_7096,Ranch13_7096,0.00393324,-0.0609825
60088,N60088,2017,947,340,5.398083,7,Ranch13,_7096,Ranch13_7096,0.00296948,0.0013968
60089,N60089,2017,862,450,5.268397,7,Ranch13,_7096,Ranch13_7096,0.00276135,0.00319451
60090,N60090,2017,792,530,4.803866,7,Ranch13,_7096,Ranch13_7096,0.00915311,0.00393682
60091,N60091,2017,739,440,5.389579,7,Ranch13,_7096,Ranch13_7096,0.0031823,0.00336002
60092,N60092,2017,-999,470,6.744904,7,Ranch13,_7096,Ranch13_7096,-0.0110103,-0.0245334
60093,N60093,2017,876,410,4.537053,7,Ranch13,_7096,Ranch13_7096,-0.00980639,-0.0316771
60094,N60094,2017,799,430,5.777574,7,Ranch13,_7096,Ranch13_7096,-0.00317363,-0.0463578
60095,N60095,2017,829,390,7.977984,7,Ranch13,_7096,Ranch13_7096,0.00210716,-0.0146236
60096,N60096,2017,846,420,5.41828,7,Ranch13,_7096,Ranch13_7096,-0.00216536,-0.0240073
60097,N60097,2017,790,410,5.644699,7,Ranch13,_7096,Ranch13_7096,-0.00192855,-0.0272059
60098,N60098,2017,854,420,5.848795,7,Ranch13,_7096,Ranch13_7096,-0.00137129,0.00146505
60099,N60099,2017,882,410,4.882528,7,Ranch13,_7096,Ranch13_7096,0.0059864,-0.020567
60100,N60100,2017,822,410,5.600053,7,Ranch13,_7096,Ranch13_7096,-0.0076694,-0.0210227
60101,N60101,2017,745,390,6.719392,7,Ranch13,_7096,Ranch13_7096,0.00197458,-0.0209132
60102,N60102,2017,820,410,4.220279,7,Ranch13,_7096,Ranch13_7096,0.00415982,-0.0151759
60103,N60103,2017,833,530,4.952686,7,Ranch13,_7096,Ranch13_7096,-0.00528247,-0.0516241
60104,N60104,2017,690,390,4.552998,7,Ranch13,_7096,Ranch13_7096,0.00513306,-0.0174231
60105,N60105,2017,855,410,5.192924,7,Ranch13,_7096,Ranch13_7096,-0.000720013,-0.0313881
60106,N60106,2017,727,410,8.402121,7,Ranch13,_7096,Ranch13_7096,-0.00187948,0.0116792
60107,N60107,2017,968,410,8.089599,7,Ranch13,_7096,Ranch13_7096,-4.00199E-05,-0.0089213
60108,N60108,2017,822,560,5.026033,7,Ranch13,_7096,Ranch13_7096,0.00326351,0.01184
60109,N60109,2017,830,410,6.136868,7,Ranch13,_7096,Ranch13_7096,-0.00554088,-0.0275111
60110,N60110,2017,882,510,5.241822,7,Ranch13,_7096,Ranch13_7096,-0.000324134,-0.00699789
60111,N60111,2017,1048,410,4.783669,7,Ranch13,_7096,Ranch13_7096,0.00272647,0.00137619
60112,N60112,2017,776,420,5.048356,7,Ranch13,_7096,Ranch13_7096,-0.00767128,-0.0316068
60113,N60113,2017,721,420,6.666242,7,Ranch13,_7096,Ranch13_7096,-0.0128529,-0.0407382
60114,N60114,2017,819,420,6.225097,7,Ranch13,_7096,Ranch13_7096,-0.00540736,-4.01389E-05
70001,N70001,2017,935,470,6.351594,30,STOFI-Bright,_7206FF33,STOFI-Bright_7206FF33,-0.0116245,0.0362141
70002,N70002,2017,739,410,4.583825,-999,Ranch6,_7206FF33,Ranch6_7206FF33,-0.00328275,0.0020824
70003,N70003,2017,776,440,5.121703,-999,-999,_7206FF33,0_7206FF33,-999,-999
70004,N70004,2017,884,510,5.958284,30,STOFI-Bright,_7206FF33,STOFI-Bright_7206FF33,-0.00733833,0.0485907
70005,N70005,2017,861,410,4.042758,30,STOFI-Bright,_7206FF33,STOFI-Bright_7206FF33,-0.00478636,0.033933
70006,N70006,2017,903,530,4.788984,30,STOFI-Bright,_7206FF33,STOFI-Bright_7206FF33,-0.00948545,0.0543859
70007,N70007,2017,906,430,-999,30,STOFI-Bright,_7206FF33,STOFI-Bright_7206FF33,-0.0123351,0.0680163
70008,N70008,2017,837,390,4.67418,30,STOFI-Bright,_7206FF33,STOFI-Bright_7206FF33,-0.000190878,0.0514318
70009,N70009,2017,938,520,5.259893,30,STOFI-Bright,_7206FF33,STOFI-Bright_7206FF33,-0.00988082,0.0433672
70010,N70010,2017,854,470,5.119577,30,STOFI-Bright,_7206FF33,STOFI-Bright_7206FF33,-0.00834608,0.0199694
70011,N70011,2017,768,370,5.018592,30,STOFI-Bright,_7206FF33,STOFI-Bright_7206FF33,-0.00694852,0.0321912
70012,N70012,2017,901,510,4.286185,30,STOFI-Bright,_7206FF33,STOFI-Bright_7206FF33,-0.00624787,0.0283739
70013,N70013,2017,807,360,4.137365,30,STOFI-Bright,_7206FF33,STOFI-Bright_7206FF33,-0.0112691,0.0579113
70014,N70014,2017,811,480,5.020718,30,STOFI-Bright,_7206FF33,STOFI-Bright_7206FF33,-0.00279665,0.0348652
70015,N70015,2017,921,470,6.080529,30,STOFI-Bright,_7206FF33,STOFI-Bright_7206FF33,0.0166167,0.0454986
70016,N70016,2017,737,390,5.352374,30,STOFI-Bright,_7206FF33,STOFI-Bright_7206FF33,-0.0111893,0.0305121
70017,N70017,2017,803,420,5.349185,30,STOFI-Bright,_7206FF33,STOFI-Bright_7206FF33,-0.00153593,0.00645398
70018,N70018,2017,809,420,4.498785,30,STOFI-Bright,_7206FF33,STOFI-Bright_7206FF33,-0.00295236,0.0242886
70019,N70019,2017,775,410,6.280373,30,STOFI-Bright,_7206FF33,STOFI-Bright_7206FF33,0.00233565,0.00636197
70020,N70020,2017,799,410,4.081026,30,STOFI-Bright,_7206FF33,STOFI-Bright_7206FF33,-0.0140948,-0.00280561
70021,N70021,2017,846,510,4.771976,30,STOFI-Bright,_7206FF33,STOFI-Bright_7206FF33,-0.0113095,0.0727058
70022,N70022,2017,881,410,4.324453,30,STOFI-Bright,_7206FF33,STOFI-Bright_7206FF33,-0.00798762,0.0348891
70023,N70023,2017,849,410,5.139774,30,STOFI-Bright,_7206FF33,STOFI-Bright_7206FF33,-0.00784336,0.0103508
70024,N70024,2017,917,550,5.217373,30,STOFI-Bright,_7206FF33,STOFI-Bright_7206FF33,-0.0102919,0.0357086
70025,N70025,2017,922,430,4.315949,30,STOFI-Bright,_7206FF33,STOFI-Bright_7206FF33,0.00219085,-0.0398971
70026,N70026,2017,815,420,4.763472,30,STOFI-Bright,_7206FF33,STOFI-Bright_7206FF33,-0.00895822,0.0199438
70027,N70027,2017,-999,560,4.179885,30,STOFI-Bright,_7206FF33,STOFI-Bright_7206FF33,-0.00288364,0.0463329
70028,N70028,2017,812,390,5.355563,30,STOFI-Bright,_7206FF33,STOFI-Bright_7206FF33,-0.00109441,0.0377313
70029,N70029,2017,966,420,3.980041,30,STOFI-Bright,_7206FF33,STOFI-Bright_7206FF33,-0.00283222,0.0270521
70030,N70030,2017,820,490,5.558596,30,STOFI-Bright,_7206FF33,STOFI-Bright_7206FF33,-0.00761995,-0.0284582
70031,N70031,2017,830,440,4.159688,30,STOFI-Bright,_7206FF33,STOFI-Bright_7206FF33,-0.0114466,0.0596778
70032,N70032,2017,757,490,4.904851,30,STOFI-Bright,_7206FF33,STOFI-Bright_7206FF33,-0.00408831,0.041279
70033,N70033,2017,716,370,4.534927,30,STOFI-Bright,_7206FF33,STOFI-Bright_7206FF33,-0.00149948,-0.0221969
70034,N70034,2017,838,610,4.7167,30,STOFI-Bright,_7206FF33,STOFI-Bright_7206FF33,-0.0107657,0.0566301
70035,N70035,2017,729,420,5.693597,-999,Ranch6,_7206FF33,Ranch6_7206FF33,0.000444904,0.0160867
70036,N70036,2017,951,420,6.899039,-999,STOFI-Miccos,_7166F5,STOFI-Miccos_7166F5,0.0184074,-0.0372826
70037,N70037,2017,862,440,4.717763,30,STOFI-Bright,_7206FF33,STOFI-Bright_7206FF33,-0.00499288,-0.0254794
70038,N70038,2017,878,420,4.389296,30,STOFI-Bright,_7206FF33,STOFI-Bright_7206FF33,-0.00303799,0.0414438
70039,N70039,2017,936,380,5.744621,-999,STOFI-Miccos,_7166F5,STOFI-Miccos_7166F5,0.0093612,-0.0234181
70040,N70040,2017,905,370,5.189735,30,STOFI-Bright,_7206FF33,STOFI-Bright_7206FF33,-0.010735,0.00463106
70041,N70041,2017,764,390,9.297167,30,STOFI-Bright,_7206FF33,STOFI-Bright_7206FF33,-0.00841664,-0.0381476
70042,N70042,2017,902,410,6.892661,30,STOFI-Bright,_7206FF33,STOFI-Bright_7206FF33,0.00394307,-0.00795124
70043,N70043,2017,880,370,7.836605,30,STOFI-Bright,_7206FF33,STOFI-Bright_7206FF33,0.000163634,0.0279731
70044,N70044,2017,910,490,5.518202,30,STOFI-Bright,_7206FF33,STOFI-Bright_7206FF33,-0.0092751,0.0256676
70045,N70045,2017,784,380,6.873527,30,STOFI-Bright,_7206FF33,STOFI-Bright_7206FF33,-0.0109332,0.023049
70046,N70046,2017,738,410,5.134459,30,STOFI-Bright,_7206FF33,STOFI-Bright_7206FF33,0.000381194,0.020357
70047,N70047,2017,774,410,7.221128,30,STOFI-Bright,_7206FF33,STOFI-Bright_7206FF33,0.00215563,0.0289035
70048,N70048,2017,836,440,5.881748,-999,STOFI-Miccos,_7206FF33,STOFI-Miccos_7206FF33,0.431656,-0.000302832
70049,N70049,2017,768,520,4.415871,30,STOFI-Bright,_7206FF33,STOFI-Bright_7206FF33,-0.00928573,0.0476575
70050,N70050,2017,778,390,4.828315,30,STOFI-Bright,_7206FF33,STOFI-Bright_7206FF33,-0.00897129,0.0601623
70051,N70051,2017,842,490,4.194767,30,STOFI-Bright,_7206FF33,STOFI-Bright_7206FF33,0.00109544,0.0306625
70052,N70052,2017,817,390,5.766944,30,STOFI-Bright,_7206FF33,STOFI-Bright_7206FF33,-0.00357516,0.00462549
70053,N70053,2017,891,410,5.444855,-999,Ranch6,_7206FF33,Ranch6_7206FF33,-0.00764679,0.0815155
70054,N70054,2017,751,430,5.819031,30,STOFI-Bright,_7206FF33,STOFI-Bright_7206FF33,-0.0066605,0.0152852
70055,N70055,2017,873,380,5.868992,-999,-999,_7206FF33,0_7206FF33,-999,-999
70056,N70056,2017,800,420,4.362721,30,STOFI-Bright,_7206FF33,STOFI-Bright_7206FF33,0.00117714,0.0440981
70057,N70057,2017,775,430,4.777291,30,STOFI-Bright,_7206FF33,STOFI-Bright_7206FF33,0.00785608,0.022303
70058,N70058,2017,902,420,4.915481,30,STOFI-Bright,_7206FF33,STOFI-Bright_7206FF33,-0.00343162,-0.0254205
70059,N70059,2017,756,430,4.455202,30,STOFI-Bright,_7206FF33,STOFI-Bright_7206FF33,-0.0102446,0.0333503
70060,N70060,2017,812,460,4.756031,30,STOFI-Bright,_7206FF33,STOFI-Bright_7206FF33,-0.0132454,-0.00970397
70061,N70061,2017,917,720,4.996269,30,STOFI-Bright,_7206FF33,STOFI-Bright_7206FF33,-0.00353174,0.0251319
70062,N70062,2017,805,390,6.033757,30,STOFI-Bright,_7206FF33,STOFI-Bright_7206FF33,0.00519232,0.00403242
70063,N70063,2017,798,380,5.350248,30,STOFI-Bright,_7206FF33,STOFI-Bright_7206FF33,-0.00620702,0.0113875
70064,N70064,2017,780,360,6.298444,30,STOFI-Bright,_7206FF33,STOFI-Bright_7206FF33,-0.00185541,-0.0274256
70065,N70065,2017,894,520,4.19583,30,STOFI-Bright,_7206FF33,STOFI-Bright_7206FF33,-0.00021614,-0.0256478
70066,N70066,2017,980,480,4.488155,30,STOFI-Bright,_7206FF33,STOFI-Bright_7206FF33,-0.01207,0.0445671
70067,N70067,2017,792,470,4.343587,30,STOFI-Bright,_7206FF33,STOFI-Bright_7206FF33,-0.00176237,0.0344926
70068,N70068,2017,748,370,4.417997,30,STOFI-Bright,_7206FF33,STOFI-Bright_7206FF33,-0.0014098,0.00592223
70069,N70069,2017,876,490,6.743841,30,STOFI-Bright,_7206FF33,STOFI-Bright_7206FF33,-0.0117144,0.026099
70070,N70070,2017,773,420,5.64151,30,STOFI-Bright,_7206FF33,STOFI-Bright_7206FF33,0.000631161,0.00518773
70071,N70071,2017,-999,380,4.293626,30,STOFI-Bright,_7206FF33,STOFI-Bright_7206FF33,0.00256385,0.0298074
70072,N70072,2017,833,460,5.794582,30,STOFI-Bright,_7206FF33,STOFI-Bright_7206FF33,-0.00265609,0.017944
70073,N70073,2017,754,410,5.762692,30,STOFI-Bright,_7206FF33,STOFI-Bright_7206FF33,-0.00937235,0.037938
70074,N70074,2017,843,410,5.219499,30,STOFI-Bright,_7206FF33,STOFI-Bright_7206FF33,-0.000981596,-0.00560606
80001,N80001,2017,684,330,6.016749,-999,STOFI-Miccos,_7166F5,STOFI-Miccos_7166F5,0.0297039,-0.0666558
80002,N80002,2017,821,470,4.830441,27,STOFI-BigCyp,_7067,STOFI-BigCyp_7067,0.000753818,0.0500394
80003,N80003,2017,774,360,5.795645,27,STOFI-BigCyp,_7067,STOFI-BigCyp_7067,0.0118873,-0.0610982
80004,N80004,2017,743,490,4.823,-999,STOFI-Miccos,_7166F5,STOFI-Miccos_7166F5,0.00884983,0.0105059
80005,N80005,2017,825,410,3.485746,27,STOFI-BigCyp,_7067,STOFI-BigCyp_7067,0.0165242,-0.0363193
80006,N80006,2017,810,390,3.858859,27,STOFI-BigCyp,_7067,STOFI-BigCyp_7067,-0.00343497,0.0170062
80007,N80007,2017,736,510,5.26946,-999,STOFI-Miccos,_7007F5,STOFI-Miccos_7007F5,0.00710546,0.0208146
80008,N80008,2017,873,390,4.177759,27,STOFI-BigCyp,_7067,STOFI-BigCyp_7067,-0.00476882,-0.0117346
80009,N80009,2017,880,530,5.168475,27,STOFI-BigCyp,_7067,STOFI-BigCyp_7067,0.000620168,0.00845833
80010,N80010,2017,851,410,4.635912,27,STOFI-BigCyp,_7067,STOFI-BigCyp_7067,-0.0108643,0.0281318
80011,N80011,2017,887,380,4.082089,27,STOFI-BigCyp,_7067,STOFI-BigCyp_7067,0.00291011,-0.0108172
80012,N80012,2017,827,390,4.885717,27,STOFI-BigCyp,_7067,STOFI-BigCyp_7067,-0.00373059,0.00647929
80013,N80013,2017,737,430,5.108947,-999,STOFI-Miccos,_7166F5,STOFI-Miccos_7166F5,0.0084111,-0.0223153
80014,N80014,2017,855,470,4.06827,27,STOFI-BigCyp,_7067,STOFI-BigCyp_7067,-0.00721909,0.000850365
80015,N80015,2017,904,490,4.324453,27,STOFI-BigCyp,_7067,STOFI-BigCyp_7067,0.0065617,-0.0232799
80016,N80016,2017,858,610,4.473273,27,STOFI-BigCyp,_7067,STOFI-BigCyp_7067,-0.00568761,0.037275
80017,N80017,2017,912,490,5.023907,27,STOFI-BigCyp,_7067,STOFI-BigCyp_7067,0.0180624,-0.00956427
80018,N80018,2017,1114,420,5.826472,27,STOFI-BigCyp,_7067,STOFI-BigCyp_7067,-0.000856932,-0.0282899
80019,N80019,2017,1075,520,5.942339,27,STOFI-BigCyp,_7067,STOFI-BigCyp_7067,-0.00833687,-0.0289334
80020,N80020,2017,910,420,6.099663,27,STOFI-BigCyp,_7067,STOFI-BigCyp_7067,-0.008962,0.0524295
80021,N80021,2017,832,390,4.749653,27,STOFI-BigCyp,_7067,STOFI-BigCyp_7067,0.0036926,-0.0146308
80022,N80022,2017,832,490,6.34309,27,STOFI-BigCyp,_7067,STOFI-BigCyp_7067,-0.00546402,0.000797794
80023,N80023,2017,912,410,5.140837,27,STOFI-BigCyp,_7067,STOFI-BigCyp_7067,0.650402,0.0342526
80024,N80024,2017,890,390,4.433942,27,STOFI-BigCyp,_7067,STOFI-BigCyp_7067,0.00841715,0.00527416
80025,N80025,2017,897,410,7.109513,27,STOFI-BigCyp,_7067,STOFI-BigCyp_7067,0.00574407,0.0336545
80026,N80026,2017,772,510,6.369665,27,STOFI-BigCyp,_7067,STOFI-BigCyp_7067,-0.0101248,0.0410652
80027,N80027,2017,872,420,5.130207,27,STOFI-BigCyp,_7067,STOFI-BigCyp_7067,-0.00464251,-0.0282412
80028,N80028,2017,872,420,4.837882,27,STOFI-BigCyp,_7067,STOFI-BigCyp_7067,-0.000304895,0.0167972
80029,N80029,2017,716,430,5.991237,27,STOFI-BigCyp,_7067,STOFI-BigCyp_7067,-0.00177325,0.0200398
80030,N80030,2017,770,460,5.3545,30,STOFI-Bright,_7206FF33,STOFI-Bright_7206FF33,-0.0061792,0.0232087
80031,N80031,2017,737,470,5.611746,30,STOFI-Bright,_7206FF33,STOFI-Bright_7206FF33,-0.000972619,0.0173549
80032,N80032,2017,845,380,5.284342,30,STOFI-Bright,_7206FF33,STOFI-Bright_7206FF33,-0.00818428,-0.0256211
80033,N80033,2017,832,390,5.022844,27,STOFI-BigCyp,_7067,STOFI-BigCyp_7067,0.00349674,-0.00587927
80034,N80034,2017,-999,480,4.984576,30,STOFI-Bright,_7206FF33,STOFI-Bright_7206FF33,-0.00380749,0.0246839
80035,N80035,2017,742,410,4.235161,30,STOFI-Bright,_7206FF33,STOFI-Bright_7206FF33,0.00657969,0.0103067
80036,N80036,2017,783,520,5.816905,30,STOFI-Bright,_7206FF33,STOFI-Bright_7206FF33,-0.0128291,0.0475763
80037,N80037,2017,931,520,4.720952,30,STOFI-Bright,_7206FF33,STOFI-Bright_7206FF33,-0.00572082,-0.0149249
80038,N80038,2017,872,510,4.501974,30,STOFI-Bright,_7206FF33,STOFI-Bright_7206FF33,-0.00696747,-0.00325827
80039,N80039,2017,920,810,4.183074,30,STOFI-Bright,_7206FF33,STOFI-Bright_7206FF33,-0.0116572,-0.0180268
80040,N80040,2017,886,510,6.216593,30,STOFI-Bright,_7206FF33,STOFI-Bright_7206FF33,-0.00470913,0.0317605
80041,N80041,2017,786,470,4.80174,30,STOFI-Bright,_7206FF33,STOFI-Bright_7206FF33,-0.0109323,0.02189
80042,N80042,2017,783,610,4.005553,30,STOFI-Bright,_7206FF33,STOFI-Bright_7206FF33,-0.00414169,0.000899862
80043,N80043,2017,790,390,4.883591,30,STOFI-Bright,_7206FF33,STOFI-Bright_7206FF33,-0.00165432,0.0223832
80044,N80044,2017,895,510,4.869772,27,STOFI-BigCyp,_7067,STOFI-BigCyp_7067,0.0190391,0.00987045
80045,N80045,2017,910,520,4.489218,30,STOFI-Bright,_7206FF33,STOFI-Bright_7206FF33,-0.00581383,0.0143377
80046,N80046,2017,817,660,5.84348,30,STOFI-Bright,_7206FF33,STOFI-Bright_7206FF33,-0.00888122,0.032417
80047,N80047,2017,711,430,4.735834,30,STOFI-Bright,_7206FF33,STOFI-Bright_7206FF33,0.0109134,0.00411495
80048,N80048,2017,854,430,4.479651,30,STOFI-Bright,_7206FF33,STOFI-Bright_7206FF33,0.00291312,0.0377125
80049,N80049,2017,940,370,5.976355,27,STOFI-BigCyp,_7067,STOFI-BigCyp_7067,-0.00784488,0.00474098
80050,N80050,2017,755,580,3.967285,27,STOFI-BigCyp,_7067,STOFI-BigCyp_7067,-0.00244167,0.0304478
80051,N80051,2017,786,540,4.507289,30,STOFI-Bright,_7206FF33,STOFI-Bright_7206FF33,-0.0121772,0.0308266
80052,N80052,2017,774,420,5.203554,30,STOFI-Bright,_7206FF33,STOFI-Bright_7206FF33,-0.00161307,0.0166078
80053,N80053,2017,661,430,5.561785,-999,Ranch6,_7206FF33,Ranch6_7206FF33,0.0128654,-0.0220121
80054,N80054,2017,824,420,4.88678,27,STOFI-BigCyp,_7067,STOFI-BigCyp_7067,-0.00419419,0.0214036
80055,N80055,2017,1083,550,4.530675,27,STOFI-BigCyp,_7067,STOFI-BigCyp_7067,-0.0152576,-0.041447
80056,N80056,2017,763,430,5.91789,-999,STOFI-Miccos,_7007F5,STOFI-Miccos_7007F5,0.0133962,-0.0459947
80057,N80057,2017,767,420,4.575321,30,STOFI-Bright,_7206FF33,STOFI-Bright_7206FF33,-0.00524325,0.039893
80058,N80058,2017,752,460,6.883094,30,STOFI-Bright,_7206FF33,STOFI-Bright_7206FF33,-0.000472975,0.0375696
80059,N80059,2017,772,380,5.437414,30,STOFI-Bright,_7206FF33,STOFI-Bright_7206FF33,-0.0085391,-0.0164665
80060,N80060,2017,818,420,4.022561,30,STOFI-Bright,_7206FF33,STOFI-Bright_7206FF33,-0.00635502,0.0426233
80061,N80061,2017,753,410,5.909386,30,STOFI-Bright,_7206FF33,STOFI-Bright_7206FF33,0.00427674,0.0336044
80062,N80062,2017,810,440,4.31276,30,STOFI-Bright,_7206FF33,STOFI-Bright_7206FF33,-0.00158879,0.0271906
80063,N80063,2017,709,520,4.317012,30,STOFI-Bright,_7206FF33,STOFI-Bright_7206FF33,-0.0151528,0.0328842
80064,N80064,2017,873,520,4.188389,30,STOFI-Bright,_7206FF33,STOFI-Bright_7206FF33,-0.0100649,0.0550388
80065,N80065,2017,770,420,4.95056,30,STOFI-Bright,_7206FF33,STOFI-Bright_7206FF33,-0.00745112,0.00821885
80066,N80066,2017,865,490,4.91867,30,STOFI-Bright,_7206FF33,STOFI-Bright_7206FF33,-0.0080299,0.0351487
80067,N80067,2017,874,520,4.235161,30,STOFI-Bright,_7206FF33,STOFI-Bright_7206FF33,-0.0108259,0.0300723
80068,N80068,2017,921,550,5.989111,30,STOFI-Bright,_7206FF33,STOFI-Bright_7206FF33,-0.00879436,-0.000291437
80069,N80069,2017,739,570,4.278744,30,STOFI-Bright,_7206FF33,STOFI-Bright_7206FF33,-0.00164144,0.0374174
80070,N80070,2017,840,430,4.364847,30,STOFI-Bright,_7206FF33,STOFI-Bright_7206FF33,-0.00932236,0.00117146
80071,N80071,2017,901,420,5.554344,30,STOFI-Bright,_7206FF33,STOFI-Bright_7206FF33,-0.00849385,-0.00525373
80072,N80072,2017,911,530,4.543431,30,STOFI-Bright,_7206FF33,STOFI-Bright_7206FF33,0.00335704,0.0278113
80073,N80073,2017,680,420,7.830227,-999,STOFI-Miccos,_7007F5,STOFI-Miccos_7007F5,0.0111605,-0.0316251
80074,N80074,2017,812,410,4.47221,29,STOFI-Bright,_7206F33,STOFI-Bright_7206F33,0.000785149,0.0289757
80075,N80075,2017,896,430,3.549526,29,STOFI-Bright,_7206F33,STOFI-Bright_7206F33,-0.00856542,0.0415779
80076,N80076,2017,861,450,4.077837,29,STOFI-Bright,_7206F33,STOFI-Bright_7206F33,0.00428336,-0.0253983
80077,N80077,2017,789,430,4.309571,29,STOFI-Bright,_7206F33,STOFI-Bright_7206F33,-0.00663058,0.0377239
80078,N80078,2017,869,390,6.410059,27,STOFI-BigCyp,_7067,STOFI-BigCyp_7067,-0.00082011,-0.000973228
80079,N80079,2017,956,480,4.878276,27,STOFI-BigCyp,_7067,STOFI-BigCyp_7067,-0.000126183,0.00473225
80080,N80080,2017,867,540,4.237287,29,STOFI-Bright,_7206F33,STOFI-Bright_7206F33,0.0104913,0.0238234
80081,N80081,2017,709,470,5.043041,27,STOFI-BigCyp,_7067,STOFI-BigCyp_7067,-0.0130312,0.0462486
80082,N80082,2017,867,390,5.16316,29,STOFI-Bright,_7206F33,STOFI-Bright_7206F33,-0.00305542,0.00958374
80083,N80083,2017,762,390,4.860205,-999,Ranch6,_7206F33,Ranch6_7206F33,-0.000594351,0.0296314
80084,N80084,2017,775,510,5.493753,27,STOFI-BigCyp,_7067,STOFI-BigCyp_7067,-0.00824854,0.0467446
80085,N80085,2017,806,430,5.994426,29,STOFI-Bright,_7206F33,STOFI-Bright_7206F33,-0.0100471,0.0461994
80086,N80086,2017,748,410,4.445635,29,STOFI-Bright,_7206F33,STOFI-Bright_7206F33,0.000585115,-0.0364293
80087,N80087,2017,861,380,4.193704,29,STOFI-Bright,_7206F33,STOFI-Bright_7206F33,-0.00286064,0.0182573
80088,N80088,2017,764,520,4.708196,29,STOFI-Bright,_7206F33,STOFI-Bright_7206F33,-0.0040778,0.0316054
80089,N80089,2017,733,430,7.787707,-999,STOFI-Miccos,_7007F5,STOFI-Miccos_7007F5,0.0113968,-0.00125521
80090,N80090,2017,910,460,4.87615,27,STOFI-BigCyp,_7067,STOFI-BigCyp_7067,-0.00364678,0.0182957
80091,N80091,2017,813,450,4.90804,29,STOFI-Bright,_7206F33,STOFI-Bright_7206F33,-0.00813265,0.0585502
80092,N80092,2017,810,430,3.995986,29,STOFI-Bright,_7206F33,STOFI-Bright_7206F33,-0.011314,-0.00266078
80093,N80093,2017,934,420,4.538116,27,STOFI-BigCyp,_7067,STOFI-BigCyp_7067,-0.0152791,0.0327253
80094,N80094,2017,832,390,4.156499,27,STOFI-BigCyp,_7067,STOFI-BigCyp_7067,-0.00418896,0.0222952
80095,N80095,2017,849,460,5.411902,27,STOFI-BigCyp,_7067,STOFI-BigCyp_7067,0.000552627,0.0217387
80096,N80096,2017,748,390,6.153876,29,STOFI-Bright,_7206F33,STOFI-Bright_7206F33,-0.00397414,0.0372477
80097,N80097,2017,834,420,4.825126,29,STOFI-Bright,_7206F33,STOFI-Bright_7206F33,-0.00606433,0.016656
80098,N80098,2017,892,470,4.33402,27,STOFI-BigCyp,_7067,STOFI-BigCyp_7067,0.0129975,-0.0293508
80099,N80099,2017,825,410,5.623439,27,STOFI-BigCyp,_7067,STOFI-BigCyp_7067,-0.00120157,-0.00766591
80100,N80100,2017,823,520,4.528549,27,STOFI-BigCyp,_7067,STOFI-BigCyp_7067,-0.00805387,0.0397211
80101,N80101,2017,903,470,5.748873,29,STOFI-Bright,_7206F33,STOFI-Bright_7206F33,-0.00243796,0.0233458
80102,N80102,2017,828,490,4.700755,27,STOFI-BigCyp,_7067,STOFI-BigCyp_7067,0.000517568,-0.0312832
80103,N80103,2017,780,370,4.641227,-999,Ranch6,_7206F33,Ranch6_7206F33,-0.00657775,-0.0333058
80104,N80104,2017,938,530,5.070679,27,STOFI-BigCyp,_7067,STOFI-BigCyp_7067,-0.00662328,0.051031
80105,N80105,2017,900,510,4.465832,27,STOFI-BigCyp,_7067,STOFI-BigCyp_7067,-0.0051292,-0.0234456
80106,N80106,2017,875,420,4.554061,29,STOFI-Bright,_7206F33,STOFI-Bright_7206F33,-0.00183635,-0.00745907
80107,N80107,2017,920,530,5.146152,27,STOFI-BigCyp,_7067,STOFI-BigCyp_7067,-0.00668018,-0.0223203
80108,N80108,2017,976,410,4.476462,27,STOFI-BigCyp,_7067,STOFI-BigCyp_7067,-0.00872353,-0.00609037
80109,N80109,2017,911,430,4.260673,30,STOFI-Bright,_7206FF33,STOFI-Bright_7206FF33,-0.00670739,0.051008
80110,N80110,2017,924,490,4.685873,30,STOFI-Bright,_7206FF33,STOFI-Bright_7206FF33,-0.00722317,0.0341044
80111,N80111,2017,738,430,5.515013,27,STOFI-BigCyp,_7067,STOFI-BigCyp_7067,-0.00723141,0.0279132
90001,N90001,2017,785,430,6.094348,27,STOFI-BigCyp,_7067,STOFI-BigCyp_7067,-0.00013006,0.00560569
90002,N90002,2017,654,450,4.171381,31,STOFI-Miccos,_7067,STOFI-Miccos_7067,0.004767,0.0071161
90004,N90004,2017,800,520,3.854607,27,STOFI-BigCyp,_7067,STOFI-BigCyp_7067,0.0131763,-0.0185128
90005,N90005,2017,850,540,5.318358,27,STOFI-BigCyp,_7067,STOFI-BigCyp_7067,-0.00385312,-0.00527163
90006,N90006,2017,875,390,4.455202,27,STOFI-BigCyp,_7067,STOFI-BigCyp_7067,-0.00851629,0.0116286
90007,N90007,2017,806,510,-999,27,STOFI-BigCyp,_7067,STOFI-BigCyp_7067,-999,-999
90008,N90008,2017,830,490,4.537053,27,STOFI-BigCyp,_7067,STOFI-BigCyp_7067,0.0142406,0.00830351
90009,N90009,2017,750,430,6.315452,27,STOFI-BigCyp,_7067,STOFI-BigCyp_7067,0.0131409,-0.00780725
90010,N90010,2017,953,420,4.347839,31,STOFI-Miccos,_7067,STOFI-Miccos_7067,0.000943187,0.0302113
90011,N90011,2017,825,420,6.314389,27,STOFI-BigCyp,_7067,STOFI-BigCyp_7067,0.00946234,-0.0180497
90012,N90012,2017,881,430,6.10923,27,STOFI-BigCyp,_7067,STOFI-BigCyp_7067,-0.00621463,0.0541135
90013,N90013,2017,753,480,-999,27,STOFI-BigCyp,_7067,STOFI-BigCyp_7067,-999,-999
90014,N90014,2017,763,480,5.326862,27,STOFI-BigCyp,_7067,STOFI-BigCyp_7067,-0.00877333,0.0306299
90015,N90015,2017,735,510,-999,27,STOFI-BigCyp,_7067,STOFI-BigCyp_7067,-999,-999
90016,N90016,2017,831,420,4.403115,27,STOFI-BigCyp,_7067,STOFI-BigCyp_7067,-0.00885868,0.0243893
90017,N90017,2017,763,430,4.707133,31,STOFI-Miccos,_7067,STOFI-Miccos_7067,0.00288379,0.0347445
90018,N90018,2017,944,370,4.949497,27,STOFI-BigCyp,_7067,STOFI-BigCyp_7067,-0.00306497,0.0140268
90019,N90019,2017,830,370,5.688282,27,STOFI-BigCyp,_7067,STOFI-BigCyp_7067,0.00119381,0.0151753
90020,N90020,2017,842,590,-999,27,STOFI-BigCyp,_7067,STOFI-BigCyp_7067,-999,-999
90021,N90021,2017,809,410,5.520328,27,STOFI-BigCyp,_7067,STOFI-BigCyp_7067,-0.0110551,-0.00643258
90022,N90022,2017,878,420,4.391422,27,STOFI-BigCyp,_7067,STOFI-BigCyp_7067,-0.00913313,0.0533073
90023,N90023,2017,800,510,4.250043,27,STOFI-BigCyp,_7067,STOFI-BigCyp_7067,-0.00444233,0.0117543
90024,N90024,2017,700,520,4.488155,31,STOFI-Miccos,_7067,STOFI-Miccos_7067,-0.00442099,0.0395892
90025,N90025,2017,637,370,6.54506,27,STOFI-BigCyp,_7067,STOFI-BigCyp_7067,-0.012547,0.0408575
90026,N90026,2017,887,380,5.281153,27,STOFI-BigCyp,_7067,STOFI-BigCyp_7067,-0.00265777,-0.0365582
90027,N90027,2017,803,490,4.47221,27,STOFI-BigCyp,_7067,STOFI-BigCyp_7067,-4.94186E-05,0.0264682
90028,N90028,2017,814,380,4.765598,27,STOFI-BigCyp,_7067,STOFI-BigCyp_7067,-0.003965,0.0217478
90029,N90029,2017,849,520,-999,27,STOFI-BigCyp,_7067,STOFI-BigCyp_7067,-999,-999
90030,N90030,2017,695,510,5.994426,31,STOFI-Miccos,_7067,STOFI-Miccos_7067,-0.00634609,0.0297528
90031,N90031,-999,-999,-999,4.741149,-999,-999,-999,-999,-999,-999
90032,N90032,-999,-999,-999,6.154939,-999,-999,-999,-999,-999,-999
90033,N90033,2017,-999,410,5.274775,27,STOFI-BigCyp,_7067,STOFI-BigCyp_7067,0.00430185,0.0401592
90034,N90034,2017,-999,490,5.374697,27,STOFI-BigCyp,_7067,STOFI-BigCyp_7067,-0.00997443,0.0431808
90035,N90035,2017,-999,430,4.964379,27,STOFI-BigCyp,_7067,STOFI-BigCyp_7067,0.00205347,0.0148888
90036,N90036,2017,821,410,6.033757,31,STOFI-Miccos,_7067,STOFI-Miccos_7067,-0.00231822,-0.0234539
90037,N90037,2017,706,410,5.133396,27,STOFI-BigCyp,_7067,STOFI-BigCyp_7067,-0.0058668,0.0363613
90038,N90038,2017,963,510,5.000521,27,STOFI-BigCyp,_7067,STOFI-BigCyp_7067,-0.00172813,0.0380446
90039,N90039,2017,767,550,6.605651,27,STOFI-BigCyp,_7067,STOFI-BigCyp_7067,-0.00472975,0.021768
90040,N90040,2017,793,510,-999,31,STOFI-Miccos,_7067,STOFI-Miccos_7067,-999,-999
90041,N90041,2017,732,420,5.057923,31,STOFI-Miccos,_7067,STOFI-Miccos_7067,0.00751621,0.0137636
90042,N90042,2017,742,470,4.229846,27,STOFI-BigCyp,_7067,STOFI-BigCyp_7067,-0.00474156,0.0332428
90043,N90043,2017,738,380,7.614438,27,STOFI-BigCyp,_7067,STOFI-BigCyp_7067,-0.00921661,0.0395944
90044,N90044,2017,738,480,4.65292,27,STOFI-BigCyp,_7067,STOFI-BigCyp_7067,-0.00353251,0.0268337
90045,N90045,2017,887,430,4.028939,27,STOFI-BigCyp,_7067,STOFI-BigCyp_7067,-0.00280214,0.0176048
90046,N90046,2017,825,440,4.606148,27,STOFI-BigCyp,_7067,STOFI-BigCyp_7067,-0.00792401,0.00945956
90047,N90047,2017,739,420,6.516359,27,STOFI-BigCyp,_7067,STOFI-BigCyp_7067,-0.000844912,0.0135609
90048,N90048,-999,-999,-999,3.935395,-999,-999,-999,-999,-999,-999
90049,N90049,2017,766,520,4.423312,27,STOFI-BigCyp,_7067,STOFI-BigCyp_7067,-0.00360373,0.0310477
90050,N90050,2017,957,390,7.721801,27,STOFI-BigCyp,_7067,STOFI-BigCyp_7067,0.00317333,0.0172871
90051,N90051,2017,-999,450,4.887843,27,STOFI-BigCyp,_7067,STOFI-BigCyp_7067,-0.00787638,0.0525711
90052,N90052,2017,839,410,6.363287,27,STOFI-BigCyp,_7067,STOFI-BigCyp_7067,0.0058174,0.00828142
90053,N90053,2017,768,430,5.310917,31,STOFI-Miccos,_7067,STOFI-Miccos_7067,-0.00764604,0.0249913
90054,N90054,2017,852,410,6.031631,27,STOFI-BigCyp,_7067,STOFI-BigCyp_7067,-0.00440831,-0.00107997
90055,N90055,2017,799,430,5.21631,27,STOFI-BigCyp,_7067,STOFI-BigCyp_7067,-0.00336332,0.030464
90056,N90056,2017,883,370,5.289657,27,STOFI-BigCyp,_7067,STOFI-BigCyp_7067,0.00678932,-0.0317591
90057,N90057,2017,724,430,5.480997,27,STOFI-BigCyp,_7067,STOFI-BigCyp_7067,0.000378347,0.0339286
90058,N90058,2017,792,450,4.935678,27,STOFI-BigCyp,_7067,STOFI-BigCyp_7067,0.014062,-0.0458927
90059,N90059,2017,729,540,4.21709,31,STOFI-Miccos,_7067,STOFI-Miccos_7067,0.0104918,0.000928586
90060,N90060,2017,857,510,4.511541,27,STOFI-BigCyp,_7067,STOFI-BigCyp_7067,-0.00183121,0.012569
90061,N90061,2017,763,370,7.149907,27,STOFI-BigCyp,_7067,STOFI-BigCyp_7067,-0.00689483,-0.0259201
90062,N90062,2017,773,430,5.517139,27,STOFI-BigCyp,_7067,STOFI-BigCyp_7067,-0.010077,0.0297112
90063,N90063,2017,836,440,5.061112,27,STOFI-BigCyp,_7067,STOFI-BigCyp_7067,-0.00909775,0.0357459
110001,N11001,2017,839,420,4.563628,20,Ranch4,_7077,Ranch4_7077,0.00295254,0.034741
110002,N11002,2017,793,420,4.807055,27,STOFI-BigCyp,_7067,STOFI-BigCyp_7067,0.000139698,-0.0120612
110003,N11003,2017,678,360,5.176979,20,Ranch4,_7077,Ranch4_7077,0.0309605,0.016595
110004,N11004,2017,691,420,4.88678,18,Ranch3,_7077,Ranch3_7077,-0.00433968,-0.0395558
110005,N11005,2017,757,520,5.68403,18,Ranch3,_7077,Ranch3_7077,0.00061031,0.00297169
110006,N11006,2017,574,410,5.863677,20,Ranch4,_7077,Ranch4_7077,0.00931792,0.0537559
110007,N11007,2017,815,490,4.067207,26,Ranch8,_7077,Ranch8_7077,-0.000233752,0.0209515
110008,N11008,2017,741,390,5.053671,20,Ranch4,_7077,Ranch4_7077,0.0164933,0.00838589
110009,N11009,2017,739,380,5.668085,20,Ranch4,_7077,Ranch4_7077,-0.00218665,-0.0290465
110010,N11010,2017,773,410,5.623439,26,Ranch8,_7077,Ranch8_7077,0.0204768,0.000974164
110011,N11011,2017,856,440,5.018592,20,Ranch4,_7077,Ranch4_7077,0.016682,0.00599607
110012,N11012,2017,769,510,4.25961,18,Ranch3,_7077,Ranch3_7077,-0.00448852,0.00244388
110013,N11013,2017,738,390,4.67418,26,Ranch8,_7077,Ranch8_7077,0.0216069,-0.0147746
110014,N11014,2017,704,370,5.462926,20,Ranch4,_7077,Ranch4_7077,-0.00184286,-0.0464179
110015,N11015,2017,622,330,8.196962,20,Ranch4,_7077,Ranch4_7077,0.0287712,0.0174459
110016,N11016,2017,699,340,6.346279,26,Ranch8,_7077,Ranch8_7077,0.0258699,0.00548729
110017,N11017,2017,750,370,5.466115,26,Ranch8,_7077,Ranch8_7077,0.0149186,0.00405979
110018,N11018,2017,567,380,6.078403,-999,STOFI-Miccos,_7077,STOFI-Miccos_7077,-0.000654182,0.0142207
110019,N11019,2017,833,510,4.254295,31,STOFI-Miccos,_7067,STOFI-Miccos_7067,-0.00443943,0.0420324
110020,N11020,2017,774,360,5.391705,20,Ranch4,_7077,Ranch4_7077,-0.0103635,-0.0106663
110021,N11021,2017,705,410,6.05608,18,Ranch3,_7077,Ranch3_7077,-0.00392831,-0.0422222
110022,N11022,2017,889,490,4.703944,20,Ranch4,_7077,Ranch4_7077,0.0263291,0.0349126
110023,N11023,2017,704,410,4.920796,18,Ranch3,_7077,Ranch3_7077,-0.00264974,-0.0495649
110024,N11024,2017,754,410,5.884937,26,Ranch8,_7077,Ranch8_7077,0.01699,-0.00814968
110025,N11025,2017,854,450,4.242602,18,Ranch3,_7077,Ranch3_7077,-0.00609341,-0.0123344
110026,N11026,2017,858,420,5.010088,26,Ranch8,_7077,Ranch8_7077,0.000465996,-0.00308766
110027,N11027,2017,675,370,5.600053,20,Ranch4,_7077,Ranch4_7077,-0.00179896,0.0239023
110028,N11028,2017,-999,440,5.45017,27,STOFI-BigCyp,_7067,STOFI-BigCyp_7067,-0.00428804,0.0198487
110029,N11029,2017,649,430,4.250043,20,Ranch4,_7077,Ranch4_7077,0.0305916,0.00845224
110030,N11030,2017,759,410,6.687502,20,Ranch4,_7077,Ranch4_7077,0.0323523,0.0134788
110031,N11031,2017,767,390,4.670991,20,Ranch4,_7077,Ranch4_7077,0.022454,0.0415351
110032,N11032,2017,668,360,6.140057,18,Ranch3,_7077,Ranch3_7077,-0.00403107,-0.0319904
110033,N11033,2017,667,330,5.360878,26,Ranch8,_7077,Ranch8_7077,0.0112807,-0.0149907
110034,N11034,2017,888,510,4.914418,20,Ranch4,_7077,Ranch4_7077,0.0245575,0.0206983
110035,N11035,2017,844,380,6.276121,20,Ranch4,_7077,Ranch4_7077,0.0132718,0.0165829
110036,N11036,2017,816,380,4.552998,20,Ranch4,_7077,Ranch4_7077,0.000835818,-0.00244168
110037,N11037,2017,776,380,5.408713,18,Ranch3,_7077,Ranch3_7077,0.000626323,0.0168635
110038,N11038,2017,731,380,6.889472,26,Ranch8,_7077,Ranch8_7077,0.0210144,0.0245446
110039,N11039,2017,745,430,4.698629,27,STOFI-BigCyp,_7067,STOFI-BigCyp_7067,-0.00574283,0.0130722
110040,N11040,2017,682,380,5.363004,20,Ranch4,_7077,Ranch4_7077,0.0146585,0.0306584
110041,N11041,2017,754,370,4.139491,20,Ranch4,_7077,Ranch4_7077,0.00973491,-0.055511
110042,N11042,2017,691,490,5.462926,20,Ranch4,_7077,Ranch4_7077,-0.00865396,0.00595185
110043,N11043,2017,713,410,5.39702,18,Ranch3,_7077,Ranch3_7077,0.00132695,-0.0282637
110044,N11044,2017,717,550,5.446981,20,Ranch4,_7077,Ranch4_7077,-0.0113913,0.015645
110045,N11045,2017,630,370,4.44032,18,Ranch3,_7077,Ranch3_7077,-0.00650632,0.0443879
110046,N11046,2017,714,380,6.616281,18,Ranch3,_7077,Ranch3_7077,0.292697,-0.00465806
110047,N11047,2017,714,370,4.398863,26,Ranch8,_7077,Ranch8_7077,0.0154439,-0.0214809
110048,N11048,2017,606,360,4.987765,20,Ranch4,_7077,Ranch4_7077,0.000957424,-0.0134056
110049,N11049,2017,802,390,5.284342,26,Ranch8,_7077,Ranch8_7077,0.0107861,0.0219806
110050,N11050,2017,694,410,4.843197,26,Ranch8,_7077,Ranch8_7077,0.00335996,0.00303183
110051,N11051,2017,841,490,3.864174,18,Ranch3,_7077,Ranch3_7077,-0.00523404,-0.0193811
110052,N11052,2017,702,340,4.559376,26,Ranch8,_7077,Ranch8_7077,-0.00341432,0.0213422
110053,N11053,2017,733,430,4.55725,26,Ranch8,_7077,Ranch8_7077,0.0188794,0.0109931
110054,N11054,2017,768,520,4.194767,20,Ranch4,_7077,Ranch4_7077,0.283121,-0.0106257
110055,N11055,2017,845,490,4.830441,26,Ranch8,_7077,Ranch8_7077,0.01871,0.00888135
110056,N11056,2017,893,410,4.675243,18,Ranch3,_7077,Ranch3_7077,-0.00131095,-0.0340701
110057,N11057,2017,652,340,4.763472,18,Ranch3,_7077,Ranch3_7077,-0.0027423,-0.0248054
110058,N11058,2017,627,410,6.818251,20,Ranch4,_7077,Ranch4_7077,-0.00737578,-0.0269637
110059,N11059,2017,795,320,4.393548,26,Ranch8,_7077,Ranch8_7077,0.0115002,-0.00931599
110060,N11060,2017,724,370,6.015686,18,Ranch3,_7077,Ranch3_7077,-0.00762766,-0.0413606
110061,N11061,2017,728,410,5.411902,20,Ranch4,_7077,Ranch4_7077,-0.000457046,-0.0258626
110062,N11062,2017,940,410,4.353154,27,STOFI-BigCyp,_7067,STOFI-BigCyp_7067,-0.00732139,-0.00135318
110063,N11063,2017,773,510,4.734771,31,STOFI-Miccos,_7067,STOFI-Miccos_7067,0.00749043,0.00342914
110064,N11064,2017,709,330,4.592329,20,Ranch4,_7077,Ranch4_7077,-0.0120718,-0.036556
110065,N11065,2017,858,430,4.952686,27,STOFI-BigCyp,_7067,STOFI-BigCyp_7067,-0.0104032,0.0298139
110066,N11066,2017,859,410,4.767724,26,Ranch8,_7077,Ranch8_7077,0.0153931,-0.0209819
110067,N11067,2017,657,510,5.663833,20,Ranch4,_7077,Ranch4_7077,-0.00562732,-0.0111531
110068,N11068,2017,726,420,5.961473,26,Ranch8,_7077,Ranch8_7077,0.0135749,0.00816372
110069,N11069,2017,714,370,4.896347,20,Ranch4,_7077,Ranch4_7077,0.0276852,0.0231434
110070,N11070,2017,778,440,5.178042,18,Ranch3,_7077,Ranch3_7077,-0.00165837,-0.0438908
110071,N11071,2017,559,320,4.22772,18,Ranch3,_7077,Ranch3_7077,-0.005314,-0.0328984
110072,N11072,2017,-999,320,5.723361,20,Ranch4,_7077,Ranch4_7077,-0.0143272,-0.0227319
110073,N11073,2017,-999,440,5.158908,26,Ranch8,_7077,Ranch8_7077,0.0146824,0.0243647
110074,N11074,2017,-999,510,6.403681,26,Ranch8,_7077,Ranch8_7077,0.0185213,0.00771909
110075,N11075,2017,-999,320,5.236507,20,Ranch4,_7077,Ranch4_7077,0.0275266,0.0204859
110076,N11076,2017,809,390,4.628471,26,Ranch8,_7077,Ranch8_7077,0.0101393,0.00584315
110077,N11077,2017,728,430,5.667022,26,Ranch8,_7077,Ranch8_7077,0.0131984,0.0218576
